2013-04-28,135.3
2013-04-30,135.3
2013-05-01,117.0
2013-05-02,103.43
2013-05-03,91.01
2013-05-04,
2013-05-05,116.79
2013-05-06,118.33
2013-05-07,106.4
2013-05-08,112.64
2013-05-09,113.0
2013-05-10,
2013-05-11,113.01
2013-05-12,114.713
2013-05-13,117.18
2013-05-14,114.5
2013-05-15,114.156
2013-05-16,115.5
2013-05-17,123.1
2013-05-18,123.88
2013-05-19,120.501
2013-05-20,122.58
2013-05-21,122.9
2013-05-22,123.0
2013-05-23,125.74799999999999
2013-05-24,131.7
2013-05-25,
2013-05-26,134.6
2013-05-27,128.985
2013-05-28,129.179
2013-05-29,132.13
2013-05-30,127.40100000000001
2013-05-31,127.98
2013-06-01,
2013-06-02,121.3
2013-06-03,121.16
2013-06-04,
2013-06-05,121.309
2013-06-06,
2013-06-07,119.0
2013-06-08,110.09
2013-06-09,108.40100000000001
2013-06-10,99.7497
2013-06-11,105.99
2013-06-12,108.9
2013-06-13,108.4
2013-06-14,102.76899999999999
2013-06-15,98.399
2013-06-16,99.99
2013-06-17,100.42
2013-06-18,102.0
2013-06-19,106.55
2013-06-20,107.9
2013-06-21,110.91
2013-06-22,
2013-06-23,107.25
2013-06-24,108.0
2013-06-25,102.443
2013-06-26,103.691
2013-06-27,103.39
2013-06-28,99.66
2013-06-29,93.3311
2013-06-30,95.3886
2013-07-01,
2013-07-02,89.48899999999999
2013-07-03,90.79700000000001
2013-07-04,
2013-07-05,78.48
2013-07-06,67.809
2013-07-07,68.0831
2013-07-08,77.502
2013-07-09,76.3915
2013-07-10,77.0
2013-07-11,85.75
2013-07-12,93.804
2013-07-13,88.0622
2013-07-14,95.58
2013-07-15,94.0
2013-07-16,97.301
2013-07-17,
2013-07-18,97.8
2013-07-19,88.7869
2013-07-20,91.572
2013-07-21,89.28
2013-07-22,90.3672
2013-07-23,91.7024
2013-07-24,
2013-07-25,94.525
2013-07-26,96.9499
2013-07-27,94.13
2013-07-28,94.005
2013-07-29,98.5759
2013-07-30,101.5
2013-07-31,110.34
2013-08-01,
2013-08-02,101.61
2013-08-03,103.7
2013-08-04,104.86
2013-08-05,106.56
2013-08-06,105.84100000000001
2013-08-07,
2013-08-08,101.67200000000001
2013-08-09,103.4
2013-08-10,102.71
2013-08-11,103.77
2013-08-12,
2013-08-13,106.068
2013-08-14,111.62100000000001
2013-08-15,111.87
2013-08-16,
2013-08-17,112.74
2013-08-18,114.4
2013-08-19,118.78200000000001
2013-08-20,120.5
2013-08-21,121.51
2013-08-22,122.499
2013-08-23,120.0
2013-08-24,120.44
2013-08-25,122.0
2013-08-26,122.04
2013-08-27,125.67
2013-08-28,123.02
2013-08-29,123.44
2013-08-30,129.2
2013-08-31,137.76
2013-09-01,138.17
2013-09-02,
2013-09-03,137.51
2013-09-04,135.21
2013-09-05,129.96
2013-09-06,126.13
2013-09-07,123.73
2013-09-08,121.77
2013-09-09,
2013-09-10,127.78
2013-09-11,131.65
2013-09-12,134.22
2013-09-13,135.05
2013-09-14,131.39
2013-09-15,129.95
2013-09-16,131.48
2013-09-17,131.31
2013-09-18,
2013-09-19,130.23
2013-09-20,128.57
2013-09-21,126.78
2013-09-22,128.37
2013-09-23,126.73
2013-09-24,126.09
2013-09-25,127.99
2013-09-26,128.02
2013-09-27,131.84
2013-09-28,
2013-09-29,140.28
2013-09-30,131.65
2013-10-01,132.55
2013-10-02,132.04
2013-10-03,
2013-10-04,128.26
2013-10-05,129.57
2013-10-06,127.56
2013-10-07,128.38
2013-10-08,125.72
2013-10-09,130.9
2013-10-10,129.68
2013-10-11,130.27
2013-10-12,135.35
2013-10-13,135.48
2013-10-14,140.48
2013-10-15,143.89
2013-10-16,
2013-10-17,146.15
2013-10-18,151.34
2013-10-19,170.51
2013-10-20,172.01
2013-10-21,181.41
2013-10-22,193.45
2013-10-23,206.78
2013-10-24,
2013-10-25,172.48
2013-10-26,178.96
2013-10-27,189.83
2013-10-28,198.55
2013-10-29,
2013-10-30,204.2
2013-10-31,203.88
2013-11-01,205.26
2013-11-02,206.89
2013-11-03,
2013-11-04,226.28
2013-11-05,230.63
2013-11-06,260.85
2013-11-07,295.63
2013-11-08,332.02
2013-11-09,358.0
2013-11-10,313.0
2013-11-11,340.55
2013-11-12,355.48
2013-11-13,404.17
2013-11-14,
2013-11-15,424.16
2013-11-16,437.41
2013-11-17,488.36
2013-11-18,580.87
2013-11-19,614.4
2013-11-20,565.34
2013-11-21,675.06
2013-11-22,
2013-11-23,819.31
2013-11-24,764.43
2013-11-25,
2013-11-26,832.93
2013-11-27,914.13
2013-11-28,
2013-11-29,1101.83
2013-11-30,1127.45
2013-12-01,1033.39
2013-12-02,974.03
2013-12-03,1078.64
2013-12-04,1121.48
2013-12-05,
2013-12-06,1019.66
2013-12-07,811.98
2013-12-08,743.11
2013-12-09,897.89
2013-12-10,927.78
2013-12-11,887.08
2013-12-12,878.17
2013-12-13,897.27
2013-12-14,866.99
2013-12-15,
2013-12-16,789.15
2013-12-17,691.65
2013-12-18,559.36
2013-12-19,677.84
2013-12-20,694.25
2013-12-21,596.12
2013-12-22,650.27
2013-12-23,645.75
2013-12-24,659.94
2013-12-25,668.74
2013-12-26,734.59
2013-12-27,734.27
2013-12-28,738.81
2013-12-29,726.47
2013-12-30,760.52
2013-12-31,755.16
2014-01-01,
2014-01-02,772.53
2014-01-03,825.47
2014-01-04,
2014-01-05,919.41
2014-01-06,
2014-01-07,826.5
2014-01-08,838.32
2014-01-09,
2014-01-10,863.3
2014-01-11,905.72
2014-01-12,
2014-01-13,840.96
2014-01-14,838.05
2014-01-15,860.44
2014-01-16,
2014-01-17,812.9
2014-01-18,840.0
2014-01-19,
2014-01-20,869.15
2014-01-21,869.57
2014-01-22,865.03
2014-01-23,846.97
2014-01-24,808.32
2014-01-25,804.39
2014-01-26,853.51
2014-01-27,
2014-01-28,777.0
2014-01-29,816.85
2014-01-30,817.17
2014-01-31,
2014-02-01,832.52
2014-02-02,
2014-02-03,813.38
2014-02-04,832.36
2014-02-05,830.92
2014-02-06,
2014-02-07,721.32
2014-02-08,701.61
2014-02-09,672.07
2014-02-10,
2014-02-11,697.76
2014-02-12,655.26
2014-02-13,651.91
2014-02-14,623.57
2014-02-15,
2014-02-16,613.85
2014-02-17,645.14
2014-02-18,
2014-02-19,620.99
2014-02-20,
2014-02-21,582.75
2014-02-22,
2014-02-23,622.97
2014-02-24,
2014-02-25,489.31
2014-02-26,567.25
2014-02-27,
2014-02-28,567.2
2014-03-01,560.11
2014-03-02,561.35
2014-03-03,585.79
2014-03-04,
2014-03-05,658.24
2014-03-06,654.55
2014-03-07,617.62
2014-03-08,
2014-03-09,636.17
2014-03-10,621.17
2014-03-11,624.23
2014-03-12,638.07
2014-03-13,639.03
2014-03-14,
2014-03-15,638.07
2014-03-16,629.55
2014-03-17,623.705
2014-03-18,612.622
2014-03-19,
2014-03-20,592.07
2014-03-21,582.303
2014-03-22,
2014-03-23,567.779
2014-03-24,
2014-03-25,582.55
2014-03-26,
2014-03-27,567.64
2014-03-28,503.661
2014-03-29,502.30199999999996
2014-03-30,469.93800000000005
2014-03-31,
2014-04-01,478.7163
2014-04-02,481.11800000000005
2014-04-03,447.0822
2014-04-04,448.8792
2014-04-05,464.8259
2014-04-06,456.048
2014-04-07,457.792
2014-04-08,450.46439999999996
2014-04-09,
2014-04-10,412.39599999999996
2014-04-11,416.34
2014-04-12,
2014-04-13,414.9495
2014-04-14,450.629
2014-04-15,
2014-04-16,513.64
2014-04-17,494.4
2014-04-18,478.2312
2014-04-19,498.36300000000006
2014-04-20,497.3177
2014-04-21,492.6733
2014-04-22,484.8533
2014-04-23,487.222
2014-04-24,494.2733
2014-04-25,458.8067
2014-04-26,457.9325
2014-04-27,
2014-04-28,436.92
2014-04-29,443.27
2014-04-30,445.069
2014-05-01,455.0913
2014-05-02,443.4734
2014-05-03,446.47
2014-05-04,436.397
2014-05-05,440.974
2014-05-06,429.805
2014-05-07,439.3
2014-05-08,437.3633
2014-05-09,440.16900000000004
2014-05-10,452.505
2014-05-11,453.102
2014-05-12,438.315
2014-05-13,437.305
2014-05-14,444.2467
2014-05-15,444.25
2014-05-16,445.165
2014-05-17,449.255
2014-05-18,449.767
2014-05-19,443.87
2014-05-20,483.4167
2014-05-21,488.417
2014-05-22,522.6083
2014-05-23,524.475
2014-05-24,523.1083
2014-05-25,566.286
2014-05-26,
2014-05-27,571.323
2014-05-28,569.785
2014-05-29,
2014-05-30,621.1467
2014-05-31,618.857
2014-06-01,
2014-06-02,630.04
2014-06-03,666.35
2014-06-04,646.956
2014-06-05,652.9259999999999
2014-06-06,652.5445
2014-06-07,
2014-06-08,654.7
2014-06-09,643.905
2014-06-10,649.0567
2014-06-11,630.0367
2014-06-12,567.175
2014-06-13,594.6833
2014-06-14,570.0033
2014-06-15,583.41
2014-06-16,592.52
2014-06-17,607.1583
2014-06-18,604.19
2014-06-19,593.3883
2014-06-20,590.055
2014-06-21,591.2567
2014-06-22,595.0367
2014-06-23,586.1483
2014-06-24,582.415
2014-06-25,561.4717
2014-06-26,579.5867
2014-06-27,598.2367
2014-06-28,594.8717
2014-06-29,598.4883
2014-06-30,637.755
2014-07-01,643.935
2014-07-02,648.1075
2014-07-03,640.2838
2014-07-04,627.1288
2014-07-05,627.5813
2014-07-06,631.0025
2014-07-07,619.495
2014-07-08,620.0475
2014-07-09,620.16
2014-07-10,615.1275
2014-07-11,630.835
2014-07-12,633.638995167974
2014-07-13,627.462322819335
2014-07-14,618.205026506479
2014-07-15,618.9525
2014-07-16,614.1475
2014-07-17,622.895
2014-07-18,627.0188
2014-07-19,626.1763
2014-07-20,620.5138
2014-07-21,619.9088
2014-07-22,619.0063
2014-07-23,617.9425
2014-07-24,599.8088
2014-07-25,600.0963
2014-07-26,593.775
2014-07-27,590.3788
2014-07-28,585.2788
2014-07-29,581.7138
2014-07-30,560.7913
2014-07-31,583.18210574319
2014-08-01,593.8655273953669
2014-08-02,588.2306991611409
2014-08-03,585.573194076699
2014-08-04,586.368685911397
2014-08-05,582.418626764976
2014-08-06,583.325
2014-08-07,587.203159018805
2014-08-08,590.9072702245189
2014-08-09,588.107855983576
2014-08-10,588.5004825541761
2014-08-11,573.4063
2014-08-12,567.402348220821
2014-08-13,543.6675
2014-08-14,503.7088
2014-08-15,492.28449828282896
2014-08-16,521.0463
2014-08-17,494.7813
2014-08-18,459.8863
2014-08-19,484.155
2014-08-20,514.1863
2014-08-21,515.605
2014-08-22,515.8263
2014-08-23,496.5688
2014-08-24,508.1138
2014-08-25,500.3863
2014-08-26,510.6388
2014-08-27,510.4463
2014-08-28,506.915
2014-08-29,508.0963
2014-08-30,501.53
2014-08-31,480.0263
2014-09-01,475.82
2014-09-02,474.6938
2014-09-03,474.7263
2014-09-04,489.5475
2014-09-05,480.2425
2014-09-06,482.3588
2014-09-07,480.6025
2014-09-08,471.125
2014-09-09,471.7538
2014-09-10,477.1138
2014-09-11,476.3775
2014-09-12,473.6875
2014-09-13,476.0013
2014-09-14,474.795
2014-09-15,473.0313
2014-09-16,462.5925
2014-09-17,454.6238
2014-09-18,423.565
2014-09-19,393.2625
2014-09-20,408.5025
2014-09-21,396.62
2014-09-22,398.3113
2014-09-23,433.7513
2014-09-24,420.92
2014-09-25,407.9775
2014-09-26,402.88
2014-09-27,398.0075
2014-09-28,375.9888
2014-09-29,373.0888
2014-09-30,387.3513
2014-10-01,380.895
2014-10-02,371.8413
2014-10-03,356.19
2014-10-04,327.8813
2014-10-05,325.11
2014-10-06,328.73
2014-10-07,331.7238
2014-10-08,353.3901
2014-10-09,358.395
2014-10-10,357.555
2014-10-11,359.515
2014-10-12,374.1675
2014-10-13,387.0388
2014-10-14,398.2888
2014-10-15,392.19
2014-10-16,379.3913
2014-10-17,380.2925
2014-10-18,389.1163
2014-10-19,386.945
2014-10-20,379.77
2014-10-21,382.4138
2014-10-22,379.4425
2014-10-23,356.2
2014-10-24,354.3175
2014-10-25,347.030494056409
2014-10-26,350.1888
2014-10-27,348.29
2014-10-28,351.5638
2014-10-29,333.1475
2014-10-30,343.6675
2014-10-31,336.58797580578096
2014-11-01,323.9763
2014-11-02,323.985
2014-11-03,323.995
2014-11-04,328.0083
2014-11-05,337.5933
2014-11-06,347.8183
2014-11-07,341.2317
2014-11-08,344.1783
2014-11-09,363.424129101593
2014-11-10,363.765
2014-11-11,366.15
2014-11-12,418.5783
2014-11-13,414.7083
2014-11-14,395.245
2014-11-15,377.3267
2014-11-16,387.6233
2014-11-17,384.9
2014-11-18,374.8683
2014-11-19,376.7883
2014-11-20,355.388834554162
2014-11-21,349.38828543239504
2014-11-22,351.55
2014-11-23,366.7817
2014-11-24,377.7417
2014-11-25,375.24800000000005
2014-11-26,365.76599999999996
2014-11-27,368.44800000000004
2014-11-28,376.95099999999996
2014-11-29,374.965
2014-11-30,376.472
2014-12-01,379.48900000000003
2014-12-02,381.3768
2014-12-03,374.103
2014-12-04,368.2282
2014-12-05,376.379
2014-12-06,373.671
2014-12-07,374.44800000000004
2014-12-08,361.43300000000005
2014-12-09,350.92800000000005
2014-12-10,346.979871836319
2014-12-11,346.909
2014-12-12,351.50199999999995
2014-12-13,347.48400000000004
2014-12-14,350.13300000000004
2014-12-15,344.615
2014-12-16,328.534
2014-12-17,318.828
2014-12-18,309.765
2014-12-19,317.54
2014-12-20,328.774
2014-12-21,319.501
2014-12-22,329.88599999999997
2014-12-23,333.97
2014-12-24,322.194
2014-12-25,318.166
2014-12-26,327.716970871015
2014-12-27,314.568
2014-12-28,316.491
2014-12-29,312.633
2014-12-30,310.079
2014-12-31,317.379
2015-01-01,313.992
2015-01-02,314.44599999999997
2015-01-03,286.572
2015-01-04,260.936
2015-01-05,273.22
2015-01-06,285.3738
2015-01-07,295.8725
2015-01-08,284.4525
2015-01-09,289.5738
2015-01-10,274.533
2015-01-11,267.184
2015-01-12,268.353667700943
2015-01-13,221.43599999999998
2015-01-14,172.1479
2015-01-15,210.5559
2015-01-16,205.81599999999997
2015-01-17,199.4914
2015-01-18,208.9892
2015-01-19,214.545
2015-01-20,210.5137
2015-01-21,224.0451
2015-01-22,232.0423
2015-01-23,232.898
2015-01-24,248.09599999999998
2015-01-25,253.8389
2015-01-26,271.2882
2015-01-27,259.2356
2015-01-28,
2015-01-29,232.532942230494
2015-01-30,228.6354
2015-01-31,218.0233
2015-02-01,226.2697
2015-02-02,240.0193
2015-02-03,226.0119
2015-02-04,225.3083
2015-02-05,216.9136
2015-02-06,222.4872
2015-02-07,227.2051
2015-02-08,222.9061
2015-02-09,220.0922
2015-02-10,220.6493
2015-02-11,219.0956
2015-02-12,222.04015878752602
2015-02-13,235.6774
2015-02-14,259.0086
2015-02-15,232.9962
2015-02-16,235.9199
2015-02-17,242.4568
2015-02-18,234.6238
2015-02-19,240.2988
2015-02-20,244.0821
2015-02-21,244.1459
2015-02-22,235.553
2015-02-23,238.1319
2015-02-24,238.7314
2015-02-25,237.378
2015-02-26,236.171155772341
2015-02-27,253.8991
2015-02-28,253.5991
2015-03-01,257.7075
2015-03-02,269.9615
2015-03-03,280.6242
2015-03-04,273.0193
2015-03-05,274.8255
2015-03-06,272.3413
2015-03-07,275.584638734083
2015-03-08,274.578
2015-03-09,289.2957
2015-03-10,290.3057
2015-03-11,295.961
2015-03-12,293.9203
2015-03-13,288.0365
2015-03-14,281.4887
2015-03-15,285.2645
2015-03-16,290.0955
2015-03-17,284.3491
2015-03-18,255.6062
2015-03-19,260.0037
2015-03-20,260.9075
2015-03-21,259.4899
2015-03-22,267.7981
2015-03-23,266.0272
2015-03-24,245.1679
2015-03-25,246.2715
2015-03-26,247.5595
2015-03-27,247.1476
2015-03-28,252.0497
2015-03-29,241.9137
2015-03-30,246.5418
2015-03-31,243.2692
2015-04-01,246.7755
2015-04-02,252.34099999999998
2015-04-03,253.6227
2015-04-04,253.3213
2015-04-05,259.7118
2015-04-06,255.4233
2015-04-07,253.2085
2015-04-08,244.2709
2015-04-09,243.200654854486
2015-04-10,234.5253
2015-04-11,236.4501
2015-04-12,235.7386
2015-04-13,223.9464
2015-04-14,217.9995
2015-04-15,223.0161
2015-04-16,227.9995
2015-04-17,222.417138285238
2015-04-18,222.9537
2015-04-19,222.6812
2015-04-20,224.3086
2015-04-21,234.6867
2015-04-22,233.7807
2015-04-23,235.1735
2015-04-24,230.9863
2015-04-25,225.9568
2015-04-26,218.5065
2015-04-27,228.5712
2015-04-28,225.6423
2015-04-29,225.9978
2015-04-30,236.2208
2015-05-01,232.7403
2015-05-02,235.1563
2015-05-03,239.882
2015-05-04,238.9706
2015-05-05,236.0015
2015-05-06,229.8152
2015-05-07,236.845
2015-05-08,243.657
2015-05-09,241.5321
2015-05-10,239.5548
2015-05-11,241.8506
2015-05-12,241.5189
2015-05-13,235.4793
2015-05-14,236.704
2015-05-15,236.9908
2015-05-16,235.9781
2015-05-17,236.0847
2015-05-18,232.4757
2015-05-19,231.9446
2015-05-20,234.048
2015-05-21,235.4205
2015-05-22,240.9352
2015-05-23,239.032994098329
2015-05-24,241.2417
2015-05-25,237.44099999999997
2015-05-26,237.4971
2015-05-27,237.2305
2015-05-28,237.4891
2015-05-29,237.0714
2015-05-30,233.4572
2015-05-31,229.6785
2015-06-01,223.3178
2015-06-02,225.7387
2015-06-03,225.4831
2015-06-04,224.1748
2015-06-05,224.7413
2015-06-06,225.2889
2015-06-07,223.6157
2015-06-08,228.7013
2015-06-09,229.5264
2015-06-10,229.0022
2015-06-11,229.9343
2015-06-12,230.5181
2015-06-13,232.6301
2015-06-14,233.6681
2015-06-15,237.2013
2015-06-16,250.4743
2015-06-17,247.6944
2015-06-18,248.55200000000002
2015-06-19,242.9967
2015-06-20,245.4754
2015-06-21,243.9959
2015-06-22,247.27900000000002
2015-06-23,243.8486
2015-06-24,240.5377
2015-06-25,242.4769
2015-06-26,242.4819
2015-06-27,250.62099999999998
2015-06-28,248.3451
2015-06-29,256.303873966718
2015-06-30,262.406325460178
2015-07-01,257.5058
2015-07-02,254.65375091875597
2015-07-03,255.16099999999997
2015-07-04,260.415
2015-07-05,271.040120800344
2015-07-06,268.595
2015-07-07,265.384451961488
2015-07-08,269.613016421427
2015-07-09,268.8928
2015-07-10,285.0223
2015-07-11,291.890743156952
2015-07-12,310.191563627757
2015-07-13,290.6655
2015-07-14,286.6654
2015-07-15,283.949188080925
2015-07-16,276.6801
2015-07-17,278.3728
2015-07-18,274.4839
2015-07-19,272.806179588859
2015-07-20,277.2454
2015-07-21,274.942887655848
2015-07-22,276.1756
2015-07-23,275.6135
2015-07-24,288.444716788334
2015-07-25,288.388158625333
2015-07-26,291.703764529495
2015-07-27,292.6148
2015-07-28,293.9933
2015-07-29,288.719499088592
2015-07-30,286.8366
2015-07-31,283.676059148022
2015-08-01,280.7014
2015-08-02,281.7267
2015-08-03,281.829870770124
2015-08-04,284.2393
2015-08-05,281.40106236502703
2015-08-06,278.0134
2015-08-07,278.508813757282
2015-08-08,259.80072838546903
2015-08-09,264.338483389326
2015-08-10,263.5782
2015-08-11,269.8668
2015-08-12,267.7126
2015-08-13,263.655818616904
2015-08-14,265.1281
2015-08-15,260.47623228976397
2015-08-16,257.8158
2015-08-17,257.0634
2015-08-18,253.0766
2015-08-19,225.9602
2015-08-20,234.6379
2015-08-21,232.3324
2015-08-22,229.1488
2015-08-23,227.2454
2015-08-24,210.094385063794
2015-08-25,221.3283
2015-08-26,225.2666
2015-08-27,222.9704
2015-08-28,231.6583
2015-08-29,228.4683
2015-08-30,228.0672
2015-08-31,230.0781
2015-09-01,227.1631
2015-09-02,228.6428
2015-09-03,226.5658
2015-09-04,230.0509
2015-09-05,234.7495
2015-09-06,239.1289
2015-09-07,240.503
2015-09-08,243.5587
2015-09-09,237.9452
2015-09-10,238.7763
2015-09-11,240.000795643887
2015-09-12,234.9098
2015-09-13,230.5048
2015-09-14,230.21
2015-09-15,229.9118
2015-09-16,228.46400000000003
2015-09-17,232.74599999999998
2015-09-18,232.354
2015-09-19,231.2733
2015-09-20,230.6597
2015-09-21,226.4528
2015-09-22,229.8831
2015-09-23,229.8658
2015-09-24,233.9255
2015-09-25,234.9767
2015-09-26,234.5279
2015-09-27,232.8347
2015-09-28,239.2765
2015-09-29,237.2262
2015-09-30,236.0463
2015-10-01,237.7358
2015-10-02,237.2593
2015-10-03,238.9718
2015-10-04,238.6566
2015-10-05,240.3238
2015-10-06,246.44400000000002
2015-10-07,243.2229
2015-10-08,242.9008
2015-10-09,244.2051
2015-10-10,245.3209
2015-10-11,247.5392
2015-10-12,245.5661
2015-10-13,249.4051
2015-10-14,252.6956
2015-10-15,254.629553074622
2015-10-16,262.3735
2015-10-17,270.3646
2015-10-18,262.2345
2015-10-19,264.2094
2015-10-20,270.2664
2015-10-21,267.0187
2015-10-22,273.573
2015-10-23,277.3884
2015-10-24,282.9566
2015-10-25,284.749
2015-10-26,285.5159
2015-10-27,294.8094
2015-10-28,303.6366
2015-10-29,313.9073
2015-10-30,325.8006
2015-10-31,312.2783
2015-11-01,324.9971
2015-11-02,350.7678
2015-11-03,398.2369
2015-11-04,404.3588
2015-11-05,387.473
2015-11-06,372.82599999999996
2015-11-07,387.06
2015-11-08,371.50199999999995
2015-11-09,380.644
2015-11-10,336.87300000000005
2015-11-11,305.983
2015-11-12,337.955
2015-11-13,337.37199999999996
2015-11-14,331.501
2015-11-15,320.48400000000004
2015-11-16,331.353
2015-11-17,335.111
2015-11-18,335.44699999999995
2015-11-19,325.568
2015-11-20,321.41700000000003
2015-11-21,325.159
2015-11-22,323.395
2015-11-23,322.829
2015-11-24,319.97900000000004
2015-11-25,328.16900000000004
2015-11-26,356.245
2015-11-27,359.01099999999997
2015-11-28,356.212
2015-11-29,371.48800000000006
2015-11-30,378.265
2015-12-01,363.45
2015-12-02,358.82
2015-12-03,360.954
2015-12-04,362.767
2015-12-05,390.645
2015-12-06,394.01099999999997
2015-12-07,394.355
2015-12-08,412.93
2015-12-09,417.36800000000005
2015-12-10,416.91
2015-12-11,452.415
2015-12-12,434.903
2015-12-13,435.815
2015-12-14,443.277
2015-12-15,464.999
2015-12-16,453.914
2015-12-17,456.473
2015-12-18,463.816
2015-12-19,462.05300000000005
2015-12-20,441.129
2015-12-21,437.809
2015-12-22,436.23699999999997
2015-12-23,442.82099999999997
2015-12-24,454.907
2015-12-25,455.74199999999996
2015-12-26,417.092
2015-12-27,423.925
2015-12-28,420.708
2015-12-29,432.154
2015-12-30,426.811
2015-12-31,431.139
2016-01-01,434.42699999999996
2016-01-02,434.32599999999996
2016-01-03,430.19800000000004
2016-01-04,433.534
2016-01-05,432.115
2016-01-06,431.343
2016-01-07,456.434
2016-01-08,454.6963
2016-01-09,448.709
2016-01-10,447.207
2016-01-11,448.349
2016-01-12,445.792
2016-01-13,432.12
2016-01-14,429.24300000000005
2016-01-15,365.912
2016-01-16,384.81300000000005
2016-01-17,386.356
2016-01-18,385.13199999999995
2016-01-19,379.015
2016-01-20,418.848
2016-01-21,407.815
2016-01-22,377.21
2016-01-23,389.64099999999996
2016-01-24,403.056
2016-01-25,392.32599999999996
2016-01-26,392.45599999999996
2016-01-27,394.491
2016-01-28,379.55199999999996
2016-01-29,378.912
2016-01-30,376.921
2016-01-31,364.352
2016-02-01,371.041
2016-02-02,372.86800000000005
2016-02-03,368.124
2016-02-04,388.376
2016-02-05,385.733
2016-02-06,374.905
2016-02-07,375.517
2016-02-08,371.13599999999997
2016-02-09,373.909
2016-02-10,379.829
2016-02-11,377.05800000000005
2016-02-12,382.72
2016-02-13,390.42400000000004
2016-02-14,404.144
2016-02-15,399.379
2016-02-16,407.01300000000003
2016-02-17,416.85
2016-02-18,421.42199999999997
2016-02-19,419.37699999999995
2016-02-20,441.12
2016-02-21,438.65
2016-02-22,437.80300000000005
2016-02-23,420.30199999999996
2016-02-24,423.18699999999995
2016-02-25,423.142
2016-02-26,427.029
2016-02-27,432.139
2016-02-28,432.79699999999997
2016-02-29,436.91900000000004
2016-03-01,431.371
2016-03-02,424.485
2016-03-03,420.171
2016-03-04,409.408
2016-03-05,397.241
2016-03-06,404.912
2016-03-07,413.74
2016-03-08,411.87699999999995
2016-03-09,412.319
2016-03-10,416.292
2016-03-11,419.29900000000004
2016-03-12,410.801
2016-03-13,412.495
2016-03-14,414.585
2016-03-15,415.64099999999996
2016-03-16,416.54400000000004
2016-03-17,418.4
2016-03-18,408.28
2016-03-19,406.73900000000003
2016-03-20,411.88199999999995
2016-03-21,411.091
2016-03-22,416.36
2016-03-23,418.07599999999996
2016-03-24,414.88300000000004
2016-03-25,415.74300000000005
2016-03-26,416.715
2016-03-27,425.349
2016-03-28,422.756
2016-03-29,415.54699999999997
2016-03-30,412.597
2016-03-31,415.366
2016-04-01,416.754
2016-04-02,419.67
2016-04-03,418.185
2016-04-04,419.43699999999995
2016-04-05,422.651
2016-04-06,421.656
2016-04-07,421.07599999999996
2016-04-08,418.474
2016-04-09,416.145
2016-04-10,421.13300000000004
2016-04-11,422.584
2016-04-12,426.181
2016-04-13,424.269
2016-04-14,424.93199999999996
2016-04-15,429.966
2016-04-16,430.941
2016-04-17,428.027
2016-04-18,428.506
2016-04-19,436.37
2016-04-20,441.916
2016-04-21,451.083
2016-04-22,447.48800000000006
2016-04-23,451.81800000000004
2016-04-24,459.923
2016-04-25,460.466
2016-04-26,467.856
2016-04-27,444.789
2016-04-28,449.381
2016-04-29,456.566
2016-04-30,447.903
2016-05-01,452.592
2016-05-02,444.48800000000006
2016-05-03,450.3
2016-05-04,447.119
2016-05-05,448.92199999999997
2016-05-06,461.62
2016-05-07,459.24800000000005
2016-05-08,459.283
2016-05-09,461.74699999999996
2016-05-10,450.32599999999996
2016-05-11,452.17900000000003
2016-05-12,454.731
2016-05-13,456.00699999999995
2016-05-14,455.50300000000004
2016-05-15,457.837
2016-05-16,454.89300000000003
2016-05-17,452.42199999999997
2016-05-18,453.371
2016-05-19,440.539
2016-05-20,441.88800000000003
2016-05-21,443.147
2016-05-22,438.675
2016-05-23,443.175
2016-05-24,445.769
2016-05-25,449.055
2016-05-26,453.73199999999997
2016-05-27,473.86400000000003
2016-05-28,528.545
2016-05-29,524.624
2016-05-30,534.224
2016-05-31,531.4069999999999
2016-06-01,539.168
2016-06-02,538.832
2016-06-03,570.445
2016-06-04,573.526
2016-06-05,574.475674720771
2016-06-06,585.563
2016-06-07,577.910694269936
2016-06-08,583.139
2016-06-09,577.607
2016-06-10,579.227647880141
2016-06-11,597.746561993518
2016-06-12,671.712278495053
2016-06-13,704.291852171108
2016-06-14,685.932131564762
2016-06-15,693.227
2016-06-16,765.4630000000001
2016-06-17,749.419
2016-06-18,756.799601258063
2016-06-19,764.046
2016-06-20,734.161735803567
2016-06-21,664.9965293554341
2016-06-22,591.895
2016-06-23,623.206256364616
2016-06-24,661.416605159304
2016-06-25,666.05669785581
2016-06-26,629.306
2016-06-27,648.3
2016-06-28,646.8430000000001
2016-06-29,637.437
2016-06-30,671.6160000000001
2016-07-01,677.71
2016-07-02,693.047
2016-07-03,664.745100343393
2016-07-04,678.700571679464
2016-07-05,667.530518023345
2016-07-06,675.919
2016-07-07,638.62
2016-07-08,665.7445062721131
2016-07-09,653.8705124993991
2016-07-10,650.321
2016-07-11,649.07
2016-07-12,670.948
2016-07-13,658.15
2016-07-14,659.576
2016-07-15,665.686991503189
2016-07-16,663.5010000000001
2016-07-17,678.390558245954
2016-07-18,674.787437826621
2016-07-19,674.557388980701
2016-07-20,670.893474059993
2016-07-21,665.364384514274
2016-07-22,651.09
2016-07-23,655.423
2016-07-24,660.848923533057
2016-07-25,654.518638348107
2016-07-26,651.31
2016-07-27,655.618263277738
2016-07-28,655.8904301748951
2016-07-29,657.342379194665
2016-07-30,654.54898030554
2016-07-31,623.745771253302
2016-08-01,605.747
2016-08-02,517.134929448761
2016-08-03,567.381061615601
2016-08-04,576.603706724855
2016-08-05,576.0338
2016-08-06,587.635
2016-08-07,592.6675
2016-08-08,590.7125
2016-08-09,585.3025
2016-08-10,592.266843297098
2016-08-11,587.6138
2016-08-12,586.53
2016-08-13,584.468868334607
2016-08-14,570.7367
2016-08-15,567.7342836594349
2016-08-16,578.223151102356
2016-08-17,571.461914957742
2016-08-18,572.2684198487191
2016-08-19,573.491990679434
2016-08-20,581.946273081214
2016-08-21,580.587027137173
2016-08-22,585.2175
2016-08-23,582.0038
2016-08-24,577.888053162171
2016-08-25,576.1163
2016-08-26,578.1038
2016-08-27,568.575
2016-08-28,573.5288
2016-08-29,572.510228361709
2016-08-30,576.08
2016-08-31,571.758282676303
2016-09-01,571.59
2016-09-02,573.9625
2016-09-03,596.195
2016-09-04,608.6888
2016-09-05,606.6438
2016-09-06,610.6838
2016-09-07,614.32648859622
2016-09-08,625.4675
2016-09-09,621.9125
2016-09-10,623.0588
2016-09-11,605.31541517908
2016-09-12,605.8312052420321
2016-09-13,606.645
2016-09-14,608.425
2016-09-15,605.5838
2016-09-16,606.553365893692
2016-09-17,605.3438
2016-09-18,608.795
2016-09-19,608.617634297324
2016-09-20,607.768812563266
2016-09-21,595.840249226434
2016-09-22,594.9588
2016-09-23,601.8925
2016-09-24,601.2725
2016-09-25,599.3113
2016-09-26,606.097064536301
2016-09-27,604.2075
2016-09-28,603.555
2016-09-29,604.6375
2016-09-30,608.2575
2016-10-01,614.059884517664
2016-10-02,610.3588
2016-10-03,611.96090265618
2016-10-04,609.2425
2016-10-05,611.6363
2016-10-06,610.98
2016-10-07,616.2188
2016-10-08,616.5338
2016-10-09,614.6238
2016-10-10,614.3138
2016-10-11,640.7
2016-10-12,635.6163
2016-10-13,634.622338804123
2016-10-14,638.18
2016-10-15,637.2088
2016-10-16,640.1863
2016-10-17,637.4825
2016-10-18,635.465
2016-10-19,628.4375
2016-10-20,628.5425
2016-10-21,629.7188
2016-10-22,652.0875
2016-10-23,649.6263
2016-10-24,648.7663
2016-10-25,652.6338
2016-10-26,673.4175
2016-10-27,683.3725
2016-10-28,687.5588
2016-10-29,715.410324323216
2016-10-30,697.2773624560581
2016-10-31,698.5763
2016-11-01,729.205
2016-11-02,734.1638
2016-11-03,686.0613
2016-11-04,702.11
2016-11-05,704.0225
2016-11-06,712.1263
2016-11-07,706.0925
2016-11-08,708.94
2016-11-09,721.1775
2016-11-10,713.2141433353439
2016-11-11,715.6425
2016-11-12,703.76
2016-11-13,702.346316980862
2016-11-14,705.55
2016-11-15,712.158899800779
2016-11-16,740.899354867917
2016-11-17,738.48
2016-11-18,748.4263
2016-11-19,750.410048074912
2016-11-20,728.3713
2016-11-21,736.505
2016-11-22,748.1225
2016-11-23,741.166246517874
2016-11-24,736.748693723068
2016-11-25,738.203943207301
2016-11-26,732.7338
2016-11-27,727.7575
2016-11-28,731.842461358349
2016-11-29,731.81
2016-11-30,742.3588
2016-12-01,753.055
2016-12-02,771.1713
2016-12-03,764.833823323915
2016-12-04,766.3688
2016-12-05,752.24
2016-12-06,758.6925
2016-12-07,763.915
2016-12-08,768.675
2016-12-09,769.8413
2016-12-10,773.126293384523
2016-12-11,768.2325
2016-12-12,778.4323012225751
2016-12-13,778.215
2016-12-14,775.8913
2016-12-15,775.5725
2016-12-16,781.3375
2016-12-17,788.8775
2016-12-18,788.4413
2016-12-19,790.1163
2016-12-20,799.7213
2016-12-21,826.620767903186
2016-12-22,859.3663
2016-12-23,917.0988
2016-12-24,891.6813
2016-12-25,894.337133168862
2016-12-26,902.6063
2016-12-27,929.115
2016-12-28,977.14
2016-12-29,971.7213
2016-12-30,960.925
2016-12-31,966.568970873256
2017-01-01,998.05
2017-01-02,1019.1988
2017-01-03,1035.5313
2017-01-04,1130.8495163207301
2017-01-05,990.6675
2017-01-06,894.0325
2017-01-07,900.0788
2017-01-08,908.085
2017-01-09,901.878888039064
2017-01-10,905.7594626984339
2017-01-11,784.2775
2017-01-12,799.4275
2017-01-13,824.4988
2017-01-14,817.825
2017-01-15,821.9125
2017-01-16,828.31
2017-01-17,904.1525
2017-01-18,873.935
2017-01-19,896.89
2017-01-20,891.4588
2017-01-21,919.6775
2017-01-22,918.778812014655
2017-01-23,918.9075
2017-01-24,885.7888
2017-01-25,893.4738
2017-01-26,915.36
2017-01-27,918.2875
2017-01-28,920.245
2017-01-29,914.1425
2017-01-30,920.991145882262
2017-01-31,968.2663
2017-02-01,986.572890345435
2017-02-02,1008.4033182231401
2017-02-03,1015.4425
2017-02-04,1033.63
2017-02-05,1016.9261585954301
2017-02-06,1024.51108860633
2017-02-07,1051.5
2017-02-08,1055.3013
2017-02-09,981.705
2017-02-10,992.1113
2017-02-11,1010.9463
2017-02-12,1000.5237691031099
2017-02-13,996.1039358698109
2017-02-14,1010.10216185944
2017-02-15,1008.8813
2017-02-16,1034.9038
2017-02-17,1056.55809105298
2017-02-18,1058.58093064866
2017-02-19,1053.5025
2017-02-20,1082.01682349584
2017-02-21,1125.40881483565
2017-02-22,1123.305
2017-02-23,1185.65478468877
2017-02-24,1180.871
2017-02-25,1149.40367816984
2017-02-26,1180.673
2017-02-27,1193.12951503696
2017-02-28,1190.3310000000001
2017-03-01,1227.47714896609
2017-03-02,1262.0810000000001
2017-03-03,1289.54061161915
2017-03-04,1268.81453201514
2017-03-05,1276.233
2017-03-06,1280.986
2017-03-07,1233.0565084080001
2017-03-08,1149.631
2017-03-09,1191.2367224851
2017-03-10,1100.01058997121
2017-03-11,1181.2041227520199
2017-03-12,1230.56
2017-03-13,1243.26492239019
2017-03-14,1246.55673948076
2017-03-15,1258.4569999999999
2017-03-16,1217.31454100788
2017-03-17,1074.09386950625
2017-03-18,961.962
2017-03-19,1023.4901008756699
2017-03-20,1036.33201237387
2017-03-21,1112.70153227299
2017-03-22,1039.84017264784
2017-03-23,1029.1394137431
2017-03-24,940.020626559104
2017-03-25,965.265062661069
2017-03-26,954.476659971778
2017-03-27,1042.60507261981
2017-03-28,1044.722
2017-03-29,1038.61719761625
2017-03-30,1031.49290564616
2017-03-31,1078.2747110906098
2017-04-01,1085.253
2017-04-02,1098.068
2017-04-03,1139.30827544555
2017-04-04,1140.49759038017
2017-04-05,1132.3399049927802
2017-04-06,1194.211
2017-04-07,1189.77512370321
2017-04-08,1182.271
2017-04-09,1187.6989999999998
2017-04-10,1210.515
2017-04-11,1226.618
2017-04-12,1218.299
2017-04-13,1174.2089999999998
2017-04-14,1183.687
2017-04-15,1180.323
2017-04-16,1186.31
2017-04-17,1205.143
2017-04-18,1217.58
2017-04-19,1225.721
2017-04-20,1253.904
2017-04-21,1254.9875
2017-04-22,1249.67
2017-04-23,1247.8388
2017-04-24,1249.9563
2017-04-25,1263.045
2017-04-26,1287.32
2017-04-27,1331.3125
2017-04-28,1321.205
2017-04-29,1327.6863
2017-04-30,1349.8863
2017-05-01,1408.445
2017-05-02,1442.245
2017-05-03,1485.8175
2017-05-04,1499.36
2017-05-05,1506.0438
2017-05-06,1547.815
2017-05-07,1557.8838
2017-05-08,1633.38
2017-05-09,1700.1775
2017-05-10,1747.3175
2017-05-11,1808.7788
2017-05-12,1700.7725
2017-05-13,1751.73
2017-05-14,1767.7088
2017-05-15,1756.96
2017-05-16,1756.96
2017-05-17,1804.4513
2017-05-18,1889.4088
2017-05-19,1972.9013
2017-05-20,2043.42
2017-05-21,2053.8788
2017-05-22,2109.3963
2017-05-23,2292.7025
2017-05-24,2448.1313
2017-05-25,2366.9725
2017-05-26,2262.36
2017-05-27,2082.845
2017-05-28,2219.4875
2017-05-29,2286.2663
2017-05-30,2167.6438
2017-05-31,2329.0775
2017-06-01,2436.0363
2017-06-02,2514.2275
2017-06-03,2562.54
2017-06-04,2556.405
2017-06-05,2721.5525
2017-06-06,2920.815
2017-06-07,2716.0588
2017-06-08,2822.5338
2017-06-09,2817.0638
2017-06-10,2937.4538
2017-06-11,3013.7138
2017-06-12,2701.255
2017-06-13,2736.1888
2017-06-14,2503.40127294964
2017-06-15,2444.4937123085397
2017-06-16,2513.81034764638
2017-06-17,2683.5713440378
2017-06-18,2577.21936114026
2017-06-19,2620.13645139993
2017-06-20,2777.79265567999
2017-06-21,2717.00310788798
2017-06-22,2724.91221331707
2017-06-23,2737.7462310982896
2017-06-24,2618.41673570888
2017-06-25,2606.8632352265
2017-06-26,2488.19416337737
2017-06-27,2531.3489987848398
2017-06-28,2575.43777025493
2017-06-29,2561.68143454198
2017-06-30,2490.7534879804102
2017-07-01,2439.8205597338897
2017-07-02,2518.54569431263
2017-07-03,2576.7146569746
2017-07-04,2610.99757474179
2017-07-05,2607.2193020698896
2017-07-06,2612.67042830497
2017-07-07,2509.21820981689
2017-07-08,2563.1955135968697
2017-07-09,2519.21739188349
2017-07-10,2363.51568155487
2017-07-11,2353.91066125207
2017-07-12,2387.3289117167396
2017-07-13,2364.32126576467
2017-07-14,2228.72879099011
2017-07-15,2033.2910880326601
2017-07-16,1927.0990656212198
2017-07-17,2181.28608069932
2017-07-18,2303.88935545646
2017-07-19,2274.62136530529
2017-07-20,2766.8251190824394
2017-07-21,2658.0749123759697
2017-07-22,2802.34788667742
2017-07-23,2731.60400741206
2017-07-24,2751.3470702262
2017-07-25,2563.7478952336396
2017-07-26,2507.38968460757
2017-07-27,2649.44120113807
2017-07-28,2798.82931330334
2017-07-29,2720.10226250836
2017-07-30,2740.32359181287
2017-07-31,2871.3680152452002
2017-08-01,2737.76379241919
2017-08-02,2697.8509023017
2017-08-03,2777.36799394604
2017-08-04,2845.89716230278
2017-08-05,3237.0706945080296
2017-08-06,3189.7324534615004
2017-08-07,3356.7097380869104
2017-08-08,3410.45008044914
2017-08-09,3330.89782529283
2017-08-10,3367.9053870882103
2017-08-11,3562.58766284089
2017-08-12,3800.14062506336
2017-08-13,4023.2545220787397
2017-08-14,4175.69529134641
2017-08-15,4149.30875941234
2017-08-16,4262.5587912331
2017-08-17,4393.452981886529
2017-08-18,4097.68580247375
2017-08-19,4115.21198836208
2017-08-20,4001.2286324728498
2017-08-21,3935.2299328327704
2017-08-22,4008.41668521521
2017-08-23,4069.0802390251
2017-08-24,4167.28917680219
2017-08-25,4199.892031584571
2017-08-26,4123.51337132546
2017-08-27,4116.46873916326
2017-08-28,4216.242773305471
2017-08-29,4394.063436247229
2017-08-30,4553.8065271368605
2017-08-31,4702.938163084579
2017-09-01,4863.19304868405
2017-09-02,4556.5977768913
2017-09-03,4632.46233076675
2017-09-04,4317.185187716121
2017-09-05,4447.875592210929
2017-09-06,4592.2502778978205
2017-09-07,4584.82027519271
2017-09-08,4285.207938720971
2017-09-09,4245.607341123859
2017-09-10,4132.6646422833
2017-09-11,4164.97621199409
2017-09-12,4130.95628475182
2017-09-13,3883.65200134942
2017-09-14,3100.6681547040503
2017-09-15,3587.9431219159
2017-09-16,3606.27519721432
2017-09-17,3553.4323162586497
2017-09-18,4012.2858249934397
2017-09-19,3898.93473248234
2017-09-20,3858.0209506005103
2017-09-21,3628.05858753461
2017-09-22,3622.1830393146
2017-09-23,3763.4114062788703
2017-09-24,3672.30507973319
2017-09-25,3866.70515274174
2017-09-26,3852.9352048770597
2017-09-27,4134.21241496119
2017-09-28,4134.88495085993
2017-09-29,4130.41524600294
2017-09-30,4297.79117003372
2017-10-01,4347.57873545332
2017-10-02,4383.325497363529
2017-10-03,4319.06921246641
2017-10-04,4231.46418703684
2017-10-05,4290.380404381421
2017-10-06,4347.54723950876
2017-10-07,4405.0162007055
2017-10-08,4562.32193109848
2017-10-09,4758.7216497933705
2017-10-10,4769.477346764171
2017-10-11,4807.92589489803
2017-10-12,5331.61930195449
2017-10-13,5610.49316222874
2017-10-14,5679.216221656379
2017-10-15,5684.0471041191295
2017-10-16,5728.93275055115
2017-10-17,5643.85907705172
2017-10-18,5592.782224212309
2017-10-19,5696.38014134367
2017-10-20,5952.7713587923
2017-10-21,6043.96673129542
2017-10-22,6003.4640189335
2017-10-23,5959.9830405924795
2017-10-24,5550.081585285649
2017-10-25,5704.874806507751
2017-10-26,5883.0531844711095
2017-10-27,5775.516665307359
2017-10-28,5734.30745398276
2017-10-29,6123.5497713553505
2017-10-30,6104.38870915078
2017-10-31,6368.65164135745
2017-11-01,6714.78898671902
2017-11-02,7059.7938605488
2017-11-03,7234.738382020359
2017-11-04,7390.53522652395
2017-11-05,7416.26795098255
2017-11-06,7103.04608116249
2017-11-07,7166.741371676309
2017-11-08,7461.824434910691
2017-11-09,7186.292775093821
2017-11-10,6656.83969350681
2017-11-11,6365.39785208573
2017-11-12,5866.513129385289
2017-11-13,6423.09140246102
2017-11-14,6652.21677956026
2017-11-15,7297.66883633256
2017-11-16,7814.9444036566
2017-11-17,7783.542464763879
2017-11-18,7827.631469468991
2017-11-19,8011.14742989044
2017-11-20,8220.50996617654
2017-11-21,8114.133679544159
2017-11-22,8257.12389528835
2017-11-23,8117.664347626031
2017-11-24,8278.12843633886
2017-11-25,8743.159377910699
2017-11-26,9342.98864142167
2017-11-27,9831.40292992241
2017-11-28,10257.0674169803
2017-11-29,9875.892308188291
2017-11-30,10406.18772373
2017-12-01,10995.723553117901
2017-12-02,11162.5450307617
2017-12-03,11256.7018287538
2017-12-04,11634.9849554034
2017-12-05,12174.2537397926
2017-12-06,13876.4735794148
2017-12-07,18491.181554228202
2017-12-08,16908.0049521112
2017-12-09,15266.4263894651
2017-12-10,15808.509896154399
2017-12-11,17106.5051488871
2017-12-12,17249.920214656002
2017-12-13,16525.044489298798
2017-12-14,16865.3616648753
2017-12-15,17978.6305581344
2017-12-16,19665.3949272416
2017-12-17,19423.5801532525
2017-12-18,19188.0539569348
2017-12-19,18174.1867596316
2017-12-20,17059.8883502646
2017-12-21,16355.2382257401
2017-12-22,14084.824926776699
2017-12-23,15241.916465648701
2017-12-24,14451.1145466743
2017-12-25,14302.753708183898
2017-12-26,16616.6820570844
2017-12-27,16373.081079573898
2017-12-28,15067.899498056699
2017-12-29,15096.5594360709
2017-12-30,13620.361874146101
2017-12-31,14839.5907854184
2018-01-01,14093.6068305274
2018-01-02,15321.932851764199
2018-01-03,15583.885537759299
2018-01-04,15871.4352900351
2018-01-05,15935.267222357399
2018-01-06,18343.6624934071
2018-01-07,17039.873913848798
2018-01-08,15900.3650216006
2018-01-09,15604.723408240501
2018-01-10,15509.270126816798
2018-01-11,14050.5696063543
2018-01-12,14759.294629915
2018-01-13,15193.3148979847
2018-01-14,14476.5889713691
2018-01-15,14411.9977069182
2018-01-16,11723.913520665801
2018-01-17,11415.3928442768
2018-01-18,11569.4249920858
2018-01-19,11758.4693327652
2018-01-20,13260.2711872786
2018-01-21,11703.5048628599
2018-01-22,10991.5950130802
2018-01-23,10894.000905340501
2018-01-24,11277.115970448898
2018-01-25,11225.2544568853
2018-01-26,11044.9072365744
2018-01-27,11456.2135062799
2018-01-28,11665.6969300847
2018-01-29,11157.663887897801
2018-01-30,11095.2106891266
2018-01-31,9989.689776596691
2018-02-01,10114.495086226
2018-02-02,9070.55544937356
2018-02-03,8830.163510054721
2018-02-04,8994.91486607664
2018-02-05,8315.51749143615
2018-02-06,6852.05270051491
2018-02-07,7711.2203289411
2018-02-08,7611.610277788821
2018-02-09,8208.572084496729
2018-02-10,8650.71675042998
2018-02-11,8574.67763849023
2018-02-12,8168.63777979963
2018-02-13,8911.398574208299
2018-02-14,8518.269076190909
2018-02-15,9428.02560716167
2018-02-16,10112.580143446701
2018-02-17,10155.2770555258
2018-02-18,11006.647685962
2018-02-19,10523.429305800999
2018-02-20,11103.0900361497
2018-02-21,11502.3770496396
2018-02-22,
2018-02-23,10032.863112314
2018-02-24,10301.883609336
2018-02-25,9742.62819006538
2018-02-26,9699.51718151529
2018-02-27,10355.578126485601
2018-02-28,10709.3884310463
2018-03-01,10346.664931035
2018-03-02,10859.5521943893
2018-03-03,11098.0758092511
2018-03-04,11356.0416016724
2018-03-05,11286.6762891691
2018-03-06,11526.4209302906
2018-03-07,10727.716249205
2018-03-08,9999.68248604677
2018-03-09,9420.85488958591
2018-03-10,9276.33759031006
2018-03-11,8890.865803996121
2018-03-12,9512.45611286134
2018-03-13,9232.70587979953
2018-03-14,9216.530976268421
2018-03-15,8307.22338626638
2018-03-16,8359.36528334063
2018-03-17,8520.00815917187
2018-03-18,8063.4097921227
2018-03-19,8217.84219996114
2018-03-20,8640.52143024258
2018-03-21,8926.820496200071
2018-03-22,8970.31790627893
2018-03-23,8736.385769098291
2018-03-24,8824.592831778531
2018-03-25,8621.150792257851
2018-03-26,8478.63819558905
2018-03-27,8186.196062813549
2018-03-28,7836.763044252891
2018-03-29,7930.77954092755
2018-03-30,7126.89519256736
2018-03-31,6897.2685778694495
2018-04-01,6975.275314020761
2018-04-02,6836.57232729678
2018-04-03,7080.417232312991
2018-04-04,7464.356094066679
2018-04-05,6845.315978268579
2018-04-06,6855.422304606751
2018-04-07,6628.7544558562595
2018-04-08,6884.47723505995
2018-04-09,6984.8089659738
2018-04-10,6778.4915700774
2018-04-11,6829.3165037953895
2018-04-12,6925.10199547663
2018-04-13,7836.39699399927
2018-04-14,7845.752840105941
2018-04-15,7897.719930858059
2018-04-16,8258.06708369755
2018-04-17,8030.99926195254
2018-04-18,7873.63551010255
2018-04-19,8097.418233103009
2018-04-20,8277.46063916253
2018-04-21,8499.45000871487
2018-04-22,8878.42826029723
2018-04-23,8769.01199947348
2018-04-24,8881.391704345451
2018-04-25,9716.48975733072
2018-04-26,8825.202500069301
2018-04-27,9221.868026184358
2018-04-28,8940.381122007191
2018-04-29,9249.65952508923
2018-04-30,9325.628851046791
2018-05-01,9198.18950997327
2018-05-02,9024.3875117766
2018-05-03,9122.65301383019
2018-05-04,9551.135183815659
2018-05-05,9634.53822597227
2018-05-06,9766.24448548887
2018-05-07,9583.87174550137
2018-05-08,9308.26502572185
2018-05-09,9149.51783314723
2018-05-10,9248.96039558449
2018-05-11,8969.940375742579
2018-05-12,8405.560563241801
2018-05-13,8480.58037612559
2018-05-14,8683.9862031429
2018-05-15,8696.974003872829
2018-05-16,8473.34864905366
2018-05-17,8343.1252216955
2018-05-18,8056.053192374749
2018-05-19,8202.82540955214
2018-05-20,8180.62700991409
2018-05-21,8443.26024591542
2018-05-22,8354.99633591748
2018-05-23,8009.299506782801
2018-05-24,7556.31604292077
2018-05-25,7563.435465443459
2018-05-26,7472.02260174872
2018-05-27,7328.8716743635205
2018-05-28,7326.643940178671
2018-05-29,7111.068924669959
2018-05-30,7451.230837265301
2018-05-31,7380.8515577098
2018-06-01,7460.16694986577
2018-06-02,7487.076304538149
2018-06-03,7567.51293761927
2018-06-04,7639.87944568278
2018-06-05,7463.654995545029
2018-06-06,7569.01133988542
2018-06-07,7605.57848860797
2018-06-08,7613.77739337755
2018-06-09,7561.1661005245205
2018-06-10,7415.001378589459
2018-06-11,6767.49948454925
2018-06-12,6880.13364875604
2018-06-13,6581.828075227961
2018-06-14,6334.098906426179
2018-06-15,6644.72067973844
2018-06-16,6406.807049509979
2018-06-17,6478.81592433021
2018-06-18,6418.85000188746
2018-06-19,6677.533402911939
2018-06-20,6708.681820275339
2018-06-21,6714.37546123014
2018-06-22,6690.8321516080005
2018-06-23,6088.579442390749
2018-06-24,6169.43726386169
2018-06-25,6159.707193794139
2018-06-26,6241.84871170546
2018-06-27,6069.872606166279
2018-06-28,6117.03640962264
2018-06-29,5879.988974406429
2018-06-30,6182.25674792295
2018-07-01,6366.49946751097
2018-07-02,6312.87724313135
2018-07-03,6595.5473128085
2018-07-04,6497.607354942171
2018-07-05,6562.7217371211
2018-07-06,6537.74087162192
2018-07-07,6603.29470396542
2018-07-08,6759.836089145269
2018-07-09,6700.63547905209
2018-07-10,6648.25679590332
2018-07-11,6303.38066472932
2018-07-12,6373.234804689941
2018-07-13,6230.590197104781
2018-07-14,6248.3973130338
2018-07-15,6246.1374116263405
2018-07-16,6349.69583671077
2018-07-17,6741.6919602852695
2018-07-18,7303.373059795849
2018-07-19,7334.77137207619
2018-07-20,7442.80073874832
2018-07-21,7331.8715232394
2018-07-22,7379.137271821949
2018-07-23,7395.8664054401
2018-07-24,7704.99567890457
2018-07-25,8422.373923351479
2018-07-26,8144.55348204188
2018-07-27,7929.079243602941
2018-07-28,8145.33316812067
2018-07-29,8192.135702237421
2018-07-30,8197.59357581421
2018-07-31,8185.921138302329
2018-08-01,7738.249304586209
2018-08-02,7612.30075368312
2018-08-03,7540.633150617141
2018-08-04,7411.666382483891
2018-08-05,7009.0120117939205
2018-08-06,7036.60933127318
2018-08-07,6926.1167787740005
2018-08-08,6711.732422358579
2018-08-09,6259.5277096676
2018-08-10,6531.24978673706
2018-08-11,6166.5904175017395
2018-08-12,6205.21847994485
2018-08-13,6318.407221774421
2018-08-14,6283.996250581529
2018-08-15,6212.226040055611
2018-08-16,6267.7687087737795
2018-08-17,6309.385226219
2018-08-18,6566.715163377379
2018-08-19,6382.0605914076095
2018-08-20,6475.494019667379
2018-08-21,6242.882438400799
2018-08-22,6467.271730309681
2018-08-23,6336.6563271087
2018-08-24,6521.065718268511
2018-08-25,6684.3791442066795
2018-08-26,6736.03605751646
2018-08-27,6728.28800262901
2018-08-28,6911.096028949571
2018-08-29,7075.9834051051
2018-08-30,7046.74894728063
2018-08-31,7024.14510718162
2018-09-01,7027.63127940185
2018-09-02,7211.270767868821
2018-09-03,7305.27280100375
2018-09-04,7260.8975166478585
2018-09-05,7359.46299292303
2018-09-06,6764.92677377822
2018-09-07,6498.279612609661
2018-09-08,6397.818870240229
2018-09-09,6181.19445075213
2018-09-10,6260.76480606248
2018-09-11,6308.13547461663
2018-09-12,6278.917069628559
2018-09-13,6330.57423802266
2018-09-14,6486.461630393621
2018-09-15,6500.012254616629
2018-09-16,6530.22114623466
2018-09-17,6506.24849321729
2018-09-18,6250.121727322729
2018-09-19,6347.06925545161
2018-09-20,6383.75384115838
2018-09-21,6491.88524227688
2018-09-22,6753.83447214033
2018-09-23,6747.032172960021
2018-09-24,6711.02945181593
2018-09-25,6596.18731304558
2018-09-26,6441.31154454255
2018-09-27,6462.79563529224
2018-09-28,6704.70424572972
2018-09-29,6634.76596457291
2018-09-30,6606.07379542208
2018-10-01,6626.03795609849
2018-10-02,6598.84125975518
2018-10-03,6524.60769791521
2018-10-04,6499.26237911522
2018-10-05,6578.70180928485
2018-10-06,6621.189363919921
2018-10-07,6589.124681678891
2018-10-08,6584.83215305251
2018-10-09,6653.08945083043
2018-10-10,6633.74572991717
2018-10-11,6582.4550823870995
2018-10-12,6234.36764145444
2018-10-13,6285.59298279984
2018-10-14,6314.883384422571
2018-10-15,6328.55476003442
2018-10-16,6659.87550840943
2018-10-17,6635.12566751684
2018-10-18,6635.741832487939
2018-10-19,6517.51108771053
2018-10-20,6483.827769471801
2018-10-21,6532.6787503838095
2018-10-22,6529.67002137084
2018-10-23,6512.589059298921
2018-10-24,6472.799660641589
2018-10-25,6481.44358955808
2018-10-26,6458.1915218368
2018-10-27,6468.82642496562
2018-10-28,6457.05863518667
2018-10-29,6481.32314166761
2018-10-30,6292.6479239344
2018-10-31,6331.78180790981
2018-11-01,6366.7201095542605
2018-11-02,6379.97297216843
2018-11-03,6425.44158304021
2018-11-04,6388.189788307371
2018-11-05,6351.0619410562795
2018-11-06,6415.44340854109
2018-11-07,6474.847290336689
2018-11-08,6574.80118029001
2018-11-09,6490.45473076176
2018-11-10,6413.78203857173
2018-11-11,6429.89879207422
2018-11-12,6434.28459692555
2018-11-13,6411.3534362051505
2018-11-14,6394.28927626406
2018-11-15,5788.61249404697
2018-11-16,5686.54113105827
2018-11-17,5609.9561823342
2018-11-18,5599.191595689301
2018-11-19,5638.8614814524
2018-11-20,4889.19785923911
2018-11-21,4450.71145441782
2018-11-22,4613.44841218385
2018-11-23,4307.38873171727
2018-11-24,4376.90494680155
2018-11-25,3895.83681295899
2018-11-26,4039.83655113743
2018-11-27,3811.92352926649
2018-11-28,3832.9245159006896
2018-11-29,4267.24362899066
2018-11-30,4279.475592548711
2018-12-01,4009.6895798259998
2018-12-02,4189.573822999861
2018-12-03,4124.59354864322
2018-12-04,3878.83923478327
2018-12-05,3943.6928120656
2018-12-06,3751.6919663956605
2018-12-07,3466.7638637717305
2018-12-08,3408.52361704313
2018-12-09,3424.7058606626
2018-12-10,3550.5464338968895
2018-12-11,3433.80844043128
2018-12-12,3378.8087784131103
2018-12-13,3438.10007352898
2018-12-14,3294.63615654527
2018-12-15,3216.62714990794
2018-12-16,3221.976203713
2018-12-17,3217.04683496974
2018-12-18,3506.21701327948
2018-12-19,3655.7750457298
2018-12-20,3687.7505531927204
2018-12-21,4065.0972380101293
2018-12-22,3846.2274979885797
2018-12-23,3960.5677734080396
2018-12-24,3941.6177401583295
2018-12-25,4021.9902553454
2018-12-26,3759.1784268965703
2018-12-27,3781.61308159335
2018-12-28,3587.7038801388203
2018-12-29,3854.42109698259
2018-12-30,3778.1939398896
2018-12-31,3809.72822864109
2019-01-01,3692.5315655246995
2019-01-02,3794.2642537397205
2019-01-03,3872.17218422289
2019-01-04,3776.52580769411
2019-01-05,3815.2680798826295
2019-01-06,3787.30785712428
2019-01-07,4013.52009129739
2019-01-08,3989.6687175387606
2019-01-09,3973.5912546157897
2019-01-10,3982.22591276241
2019-01-11,3623.8477291056797
2019-01-12,3632.8493064347795
2019-01-13,3598.43634656188
2019-01-14,3495.83231130744
2019-01-15,3648.04828565649
2019-01-16,3567.80124319921
2019-01-17,3597.6473233295897
2019-01-18,3620.98128114572
2019-01-19,3597.79325177015
2019-01-20,3674.5872708572997
2019-01-21,3539.1675310410296
2019-01-22,3531.00418279993
2019-01-23,3571.2669080928704
2019-01-24,3555.7000025226203
2019-01-25,3565.6420046170397
2019-01-26,3564.8224171114202
2019-01-27,3563.61456341914
2019-01-28,3553.1216811297795
2019-01-29,3432.21566830125
2019-01-30,3413.3754832498
2019-01-31,3457.88264917599
2019-02-01,3431.9436378644605
2019-02-02,3464.4901475621505
2019-02-03,3486.58161625803
2019-02-04,3454.02584382519
2019-02-05,3464.0035088610903
2019-02-06,3469.8946770792604
2019-02-07,3405.83686125672
2019-02-08,3394.01465295872
2019-02-09,3664.2821026589795
2019-02-10,3667.4082642899602
2019-02-11,3675.6916291247294
2019-02-12,3631.44453972995
2019-02-13,3633.9650467461206
2019-02-14,3610.0622730634004
2019-02-15,3589.66182962632
2019-02-16,3601.22919139686
2019-02-17,3622.59165307507
2019-02-18,3665.07553080072
2019-02-19,3886.52020047514
2019-02-20,3915.00997127706
2019-02-21,3976.80890652899
2019-02-22,3934.8135938948208
2019-02-23,3973.64132277464
2019-02-24,4115.33792678766
2019-02-25,3742.86894670039
2019-02-26,3824.6835042171
2019-02-27,3809.2097746820205
2019-02-28,3813.3778918812895
2019-03-01,3815.60760752498
2019-03-02,3815.7539399227503
2019-03-03,3819.6457305825897
2019-03-04,3806.95427379796
2019-03-05,3712.8124572978004
2019-03-06,3852.46166578549
2019-03-07,3860.51076238068
2019-03-08,3871.63724796599
2019-03-09,3861.87930739615
2019-03-10,3941.60087327177
2019-03-11,3923.5597888064294
2019-03-12,3860.3592300287105
2019-03-13,3876.48085275465
2019-03-14,3865.81778266339
2019-03-15,3876.69870803295
2019-03-16,3925.4605797045797
2019-03-17,4007.70946381887
2019-03-18,3980.9901047320204
2019-03-19,3986.70689404615
2019-03-20,4013.57696934548
2019-03-21,4045.57263350974
2019-03-22,3983.3177812973604
2019-03-23,3989.15849121545
2019-03-24,4008.9453863147496
2019-03-25,3993.39490045955
2019-03-26,
2019-03-27,3938.65974315694
2019-03-28,4036.16091792076
2019-03-29,4028.3913011796203
2019-03-30,4103.32285951396
2019-03-31,4103.8564213339205
2019-04-01,4103.52173854933
2019-04-02,4146.32192770664
2019-04-03,4862.23042776692
