"","n","date","vcrix"
"1",1,"2016-05-01",1000
"2",2,"2016-05-02",959.985125203813
"3",3,"2016-05-03",921.846910648962
"4",4,"2016-05-04",884.223565469176
"5",5,"2016-05-05",850.12741738044
"6",6,"2016-05-06",815.893091512324
"7",7,"2016-05-07",791.730933485027
"8",8,"2016-05-08",760.285181434827
"9",9,"2016-05-09",729.303513941109
"10",10,"2016-05-10",699.531891916733
"11",11,"2016-05-11",693.201230982473
"12",12,"2016-05-12",666.531019944675
"13",13,"2016-05-13",639.779318964569
"14",14,"2016-05-14",614.296585877822
"15",15,"2016-05-15",591.136459584566
"16",16,"2016-05-16",567.001785686487
"17",17,"2016-05-17",543.973046022467
"18",18,"2016-05-18",521.760627274229
"19",19,"2016-05-19",503.40274468219
"20",20,"2016-05-20",499.373216092189
"21",21,"2016-05-21",480.266013844127
"22",22,"2016-05-22",460.82151283704
"23",23,"2016-05-23",446.92971565097
"24",24,"2016-05-24",428.682811174878
"25",25,"2016-05-25",411.304300048682
"26",26,"2016-05-26",394.606105236118
"27",27,"2016-05-27",380.304545234182
"28",28,"2016-05-28",407.975823012206
"29",29,"2016-05-29",751.405866756819
"30",30,"2016-05-30",721.151140556284
"31",31,"2016-05-31",701.245843772161
"32",32,"2016-06-01",701.245843772161
"33",33,"2016-06-02",676.070697754668
"34",34,"2016-06-03",649.103665413317
"35",35,"2016-06-04",706.187420774403
"36",36,"2016-06-05",677.375056802512
"37",37,"2016-06-06",649.737116234641
"38",38,"2016-06-07",630.92263963837
"39",39,"2016-06-08",608.583645299378
"40",40,"2016-06-09",584.665516926283
"41",41,"2016-06-10",565.325985422046
"42",42,"2016-06-11",542.911582455623
"43",43,"2016-06-12",549.190706410311
"44",44,"2016-06-13",944.271861267179
"45",45,"2016-06-14",974.168534651993
"46",46,"2016-06-15",938.696598953517
"47",47,"2016-06-16",901.082374716525
"48",48,"2016-06-17",1097.48042095187
"49",49,"2016-06-18",1120.73047301125
"50",50,"2016-06-19",1095.83856686974
"51",51,"2016-06-20",1058.40380410082
"52",52,"2016-06-21",1056.64313081922
"53",53,"2016-06-22",1160.27834585653
"54",54,"2016-06-23",1350.81760063132
"55",55,"2016-06-24",1342.95126777877
"56",56,"2016-06-25",1340.31543967256
"57",57,"2016-06-26",1286.33346803687
"58",58,"2016-06-27",1292.49473366494
"59",59,"2016-06-28",1252.27612617555
"60",60,"2016-06-29",1207.24585369755
"61",61,"2016-06-30",1160.41847768999
"62",62,"2016-07-01",1160.41847768999
"63",63,"2016-07-02",1113.06692193451
"64",64,"2016-07-03",1071.79085402822
"65",65,"2016-07-04",1064.92824481155
"66",66,"2016-07-05",1026.68486306398
"67",67,"2016-07-06",1002.99592203455
"68",68,"2016-07-07",963.742335202472
"69",69,"2016-07-08",1012.40775081213
"70",70,"2016-07-09",1028.85087349786
"71",71,"2016-07-10",998.047827968631
"72",72,"2016-07-11",958.466776224348
"73",73,"2016-07-12",920.610526169679
"74",74,"2016-07-13",906.868075908112
"75",75,"2016-07-14",880.739377894567
"76",76,"2016-07-15",845.837929361877
"77",77,"2016-07-16",812.781242046024
"78",78,"2016-07-17",779.633989038491
"79",79,"2016-07-18",752.953557268676
"80",80,"2016-07-19",725.997859830066
"81",81,"2016-07-20",696.538522304538
"82",82,"2016-07-21",668.281134839057
"83",83,"2016-07-22",642.111319112637
"84",84,"2016-07-23",619.117893146275
"85",85,"2016-07-24",594.518752322674
"86",86,"2016-07-25",572.241177031502
"87",87,"2016-07-26",549.457944244758
"88",88,"2016-07-27",555.390611436305
"89",89,"2016-07-28",540.522282521947
"90",90,"2016-07-29",518.706457978109
"91",91,"2016-07-30",497.526802130201
"92",92,"2016-07-31",480.481097467777
"93",93,"2016-08-01",480.481097467777
"94",94,"2016-08-02",506.789620252253
"95",95,"2016-08-03",1067.14276544012
"96",96,"2016-08-04",1162.81077660352
"97",97,"2016-08-05",1121.00826805254
"98",98,"2016-08-06",1075.26983859961
"99",99,"2016-08-07",1034.93835185987
"100",100,"2016-08-08",993.069404491077
"101",101,"2016-08-09",952.768496797294
"102",102,"2016-08-10",914.210437506779
"103",103,"2016-08-11",877.336194758584
"104",104,"2016-08-12",843.04028242804
"105",105,"2016-08-13",808.851471346254
"106",106,"2016-08-14",777.156276731358
"107",107,"2016-08-15",759.643814253805
"108",108,"2016-08-16",730.053027686152
"109",109,"2016-08-17",700.687555686731
"110",110,"2016-08-18",672.935675517216
"111",111,"2016-08-19",645.486040234682
"112",112,"2016-08-20",619.134802506087
"113",113,"2016-08-21",598.952395348294
"114",114,"2016-08-22",575.291927966191
"115",115,"2016-08-23",552.117023994371
"116",116,"2016-08-24",532.673940191637
"117",117,"2016-08-25",513.180038453511
"118",118,"2016-08-26",493.277545958321
"119",119,"2016-08-27",473.153506964808
"120",120,"2016-08-28",466.763500180163
"121",121,"2016-08-29",447.943425524182
"122",122,"2016-08-30",429.999861818167
"123",123,"2016-08-31",412.654561456559
"124",124,"2016-09-01",412.654561456559
"125",125,"2016-09-02",395.839836286165
"126",126,"2016-09-03",380.217240082037
"127",127,"2016-09-04",398.473741012687
"128",128,"2016-09-05",394.503150815244
"129",129,"2016-09-06",379.087021436084
"130",130,"2016-09-07",363.610799570552
"131",131,"2016-09-08",349.01188080803
"132",132,"2016-09-09",340.272827819623
"133",133,"2016-09-10",328.200215905096
"134",134,"2016-09-11",315.890187615383
"135",135,"2016-09-12",364.398591528459
"136",136,"2016-09-13",349.554228869074
"137",137,"2016-09-14",335.430672122677
"138",138,"2016-09-15",321.773655294039
"139",139,"2016-09-16",309.149069677635
"140",140,"2016-09-17",296.549751699949
"141",141,"2016-09-18",284.977836898975
"142",142,"2016-09-19",273.432223321761
"143",143,"2016-09-20",262.869185486124
"144",144,"2016-09-21",252.691462313572
"145",145,"2016-09-22",285.176090781388
"146",146,"2016-09-23",275.079021277767
"147",147,"2016-09-24",269.780223989809
"148",148,"2016-09-25",259.678507571122
"149",149,"2016-09-26",249.750368520698
"150",150,"2016-09-27",240.396453504285
"151",151,"2016-09-28",231.504329180513
"152",152,"2016-09-29",222.05831466883
"153",153,"2016-09-30",214.228519083851
"154",154,"2016-10-01",214.228519083851
"155",155,"2016-10-02",205.496783980774
"156",156,"2016-10-03",201.211768791361
"157",157,"2016-10-04",193.06815891925
"158",158,"2016-10-05",193.972815298096
"159",159,"2016-10-06",187.007297643989
"160",160,"2016-10-07",181.742064633386
"161",161,"2016-10-08",174.621213446482
"162",162,"2016-10-09",170.980318652777
"163",163,"2016-10-10",167.18712094592
"164",164,"2016-10-11",163.366567012466
"165",165,"2016-10-12",255.486735692755
"166",166,"2016-10-13",252.495668578261
"167",167,"2016-10-14",242.871990002709
"168",168,"2016-10-15",234.090444209677
"169",169,"2016-10-16",228.512454755254
"170",170,"2016-10-17",219.592107342703
"171",171,"2016-10-18",215.544598807602
"172",172,"2016-10-19",206.74386491156
"173",173,"2016-10-20",219.746725334969
"174",174,"2016-10-21",210.773791340334
"175",175,"2016-10-22",202.16905518921
"176",176,"2016-10-23",248.694772027179
"177",177,"2016-10-24",241.455896889101
"178",178,"2016-10-25",233.381555058492
"179",179,"2016-10-26",225.52781050917
"180",180,"2016-10-27",264.114469302704
"181",181,"2016-10-28",257.299670649497
"182",182,"2016-10-29",247.565237023049
"183",183,"2016-10-30",246.63962370415
"184",184,"2016-10-31",248.151025772976
"185",185,"2016-11-01",248.151025772976
"186",186,"2016-11-02",303.090449250365
"187",187,"2016-11-03",291.486194354185
"188",188,"2016-11-04",448.744533343326
"189",189,"2016-11-05",447.330496044932
"190",190,"2016-11-06",429.175153240861
"191",191,"2016-11-07",413.165614076048
"192",192,"2016-11-08",400.540603533133
"193",193,"2016-11-09",384.291813956624
"194",194,"2016-11-10",372.955737645912
"195",195,"2016-11-11",365.336407187276
"196",196,"2016-11-12",350.418989403929
"197",197,"2016-11-13",357.895930081583
"198",198,"2016-11-14",343.284590982163
"199",199,"2016-11-15",329.271188014597
"200",200,"2016-11-16",317.621750097264
"201",201,"2016-11-17",346.519552023218
"202",202,"2016-11-18",334.573501705479
"203",203,"2016-11-19",322.206568674362
"204",204,"2016-11-20",309.143487287412
"205",205,"2016-11-21",342.552689522355
"206",206,"2016-11-22",331.62317740669
"207",207,"2016-11-23",326.213497023571
"208",208,"2016-11-24",320.716843093759
"209",209,"2016-11-25",315.741515353596
"210",210,"2016-11-26",302.859057977598
"211",211,"2016-11-27",294.885340822518
"212",212,"2016-11-28",288.350547133542
"213",213,"2016-11-29",276.581822045276
"214",214,"2016-11-30",269.943391910205
"215",215,"2016-12-01",269.943391910205
"216",216,"2016-12-02",263.154956527978
"217",217,"2016-12-03",261.115201467493
"218",218,"2016-12-04",253.871056648747
"219",219,"2016-12-05",245.039029316087
"220",220,"2016-12-06",276.275499173917
"221",221,"2016-12-07",273.738760269588
"222",222,"2016-12-08",267.620995982596
"223",223,"2016-12-09",258.198764993972
"224",224,"2016-12-10",247.716715225373
"225",225,"2016-12-11",238.147181336236
"226",226,"2016-12-12",231.260502212904
"227",227,"2016-12-13",230.173116565961
"228",228,"2016-12-14",221.606317072317
"229",229,"2016-12-15",215.234693436158
"230",230,"2016-12-16",208.411158428938
"231",231,"2016-12-17",202.211013275445
"232",232,"2016-12-18",195.805339416743
"233",233,"2016-12-19",187.883661300401
"234",234,"2016-12-20",180.69678135379
"235",235,"2016-12-21",178.522486333948
"236",236,"2016-12-22",231.838526545129
"237",237,"2016-12-23",277.377958330356
"238",238,"2016-12-24",403.488452739429
"239",239,"2016-12-25",413.142522262528
"240",240,"2016-12-26",396.276034741012
"241",241,"2016-12-27",382.012007260659
"242",242,"2016-12-28",390.33146035645
"243",243,"2016-12-29",459.899692848526
"244",244,"2016-12-30",441.151484804486
"245",245,"2016-12-31",427.999725549112
"246",246,"2017-01-01",427.999725549112
"247",247,"2017-01-02",437.005416962086
"248",248,"2017-01-03",435.238641065306
"249",249,"2017-01-04",431.08940534952
"250",250,"2017-01-05",651.699241742755
"251",251,"2017-01-06",974.222179044408
"252",252,"2017-01-07",1093.99761761817
"253",253,"2017-01-08",1049.36159765838
"254",254,"2017-01-09",1007.53466123507
"255",255,"2017-01-10",967.466189580394
"256",256,"2017-01-11",928.323237429697
"257",257,"2017-01-12",1211.7325264347
"258",258,"2017-01-13",1166.38132374078
"259",259,"2017-01-14",1128.06613249268
"260",260,"2017-01-15",1083.05662647938
"261",261,"2017-01-16",1038.88693888838
"262",262,"2017-01-17",996.827539328348
"263",263,"2017-01-18",1064.35095736526
"264",264,"2017-01-19",1039.76610386151
"265",265,"2017-01-20",1005.91306341743
"266",266,"2017-01-21",965.809112481655
"267",267,"2017-01-22",940.280088206492
"268",268,"2017-01-23",902.205805404199
"269",269,"2017-01-24",865.431993560882
"270",270,"2017-01-25",859.749400693085
"271",271,"2017-01-26",825.256310586028
"272",272,"2017-01-27",801.144274117411
"273",273,"2017-01-28",768.431233585247
"274",274,"2017-01-29",737.062170141879
"275",275,"2017-01-30",708.812708957383
"276",276,"2017-01-31",680.818748764576
"277",277,"2017-02-01",680.818748764576
"278",278,"2017-02-02",658.582357738676
"279",279,"2017-02-03",639.583329932073
"280",280,"2017-02-04",613.907988651913
"281",281,"2017-02-05",595.17556645797
"282",282,"2017-02-06",579.345505597324
"283",283,"2017-02-07",556.302870803398
"284",284,"2017-02-08",547.938341050238
"285",285,"2017-02-09",525.564158938453
"286",286,"2017-02-10",643.865851126498
"287",287,"2017-02-11",619.718976069177
"288",288,"2017-02-12",600.919667014178
"289",289,"2017-02-13",580.358670011548
"290",290,"2017-02-14",558.032291802681
"291",291,"2017-02-15",545.459203235973
"292",292,"2017-02-16",523.538412158463
"293",293,"2017-02-17",514.402743618876
"294",294,"2017-02-18",501.136840325521
"295",295,"2017-02-19",480.712467106102
"296",296,"2017-02-20",462.520759116302
"297",297,"2017-02-21",458.96350052327
"298",298,"2017-02-22",478.548800211929
"299",299,"2017-02-23",459.62159085716
"300",300,"2017-02-24",519.893318808783
"301",301,"2017-02-25",500.362086553121
"302",302,"2017-02-26",500.161551228142
"303",303,"2017-02-27",501.584348094388
"304",304,"2017-02-28",484.316517760514
"305",305,"2017-03-01",484.316517760514
"306",306,"2017-03-02",504.732457656351
"307",307,"2017-03-03",516.053112519474
"308",308,"2017-03-04",508.970811802428
"309",309,"2017-03-05",503.318289444473
"310",310,"2017-03-06",483.490050630164
"311",311,"2017-03-07",464.152834695579
"312",312,"2017-03-08",499.263402113584
"313",313,"2017-03-09",645.40689482446
"314",314,"2017-03-10",651.941097108138
"315",315,"2017-03-11",743.175205678043
"316",316,"2017-03-12",829.490443776109
"317",317,"2017-03-13",829.316709098684
"318",318,"2017-03-14",805.095241783549
"319",319,"2017-03-15",772.277254375682
"320",320,"2017-03-16",749.283958959852
"321",321,"2017-03-17",731.575370377332
"322",322,"2017-03-18",944.273777530992
"323",323,"2017-03-19",1139.99532837423
"324",324,"2017-03-20",1174.39562268085
"325",325,"2017-03-21",1126.83845330035
"326",326,"2017-03-22",1139.07467207642
"327",327,"2017-03-23",1154.43939298535
"328",328,"2017-03-24",1107.82460180058
"329",329,"2017-03-25",1141.99363779652
"330",330,"2017-03-26",1100.99135733178
"331",331,"2017-03-27",1058.87081003585
"332",332,"2017-03-28",1104.77338237871
"333",333,"2017-03-29",1059.72174567217
"334",334,"2017-03-30",1016.7426945535
"335",335,"2017-03-31",975.278324782382
"336",336,"2017-04-01",975.278324782382
"337",337,"2017-04-02",936.125273343466
"338",338,"2017-04-03",911.039545247097
"339",339,"2017-04-04",876.471329992888
"340",340,"2017-04-05",840.92673826862
"341",341,"2017-04-06",812.425986994879
"342",342,"2017-04-07",788.364322490823
"343",343,"2017-04-08",756.802154286855
"344",344,"2017-04-09",726.077328351339
"345",345,"2017-04-10",696.455270667156
"346",346,"2017-04-11",668.924688434466
"347",347,"2017-04-12",642.851445960368
"348",348,"2017-04-13",618.977178311401
"349",349,"2017-04-14",601.284451982959
"350",350,"2017-04-15",577.677859208348
"351",351,"2017-04-16",554.468964378899
"352",352,"2017-04-17",531.8628594633
"353",353,"2017-04-18",512.778969158492
"354",354,"2017-04-19",498.165188251152
"355",355,"2017-04-20",483.850212067576
"356",356,"2017-04-21",485.939269602335
"357",357,"2017-04-22",466.358897625236
"358",358,"2017-04-23",447.832130220197
"359",359,"2017-04-24",429.837404247004
"360",360,"2017-04-25",412.37386072964
"361",361,"2017-04-26",397.233358876378
"362",362,"2017-04-27",414.798337400143
"363",363,"2017-04-28",527.981608120234
"364",364,"2017-04-29",531.256870752727
"365",365,"2017-04-30",511.477246670005
"366",366,"2017-05-01",511.477246670005
"367",367,"2017-05-02",495.435417830028
"368",368,"2017-05-03",482.530003917543
"369",369,"2017-05-04",515.135636575078
"370",370,"2017-05-05",589.367000520895
"371",371,"2017-05-06",568.19837443485
"372",372,"2017-05-07",585.423069241438
"373",373,"2017-05-08",564.83459482198
"374",374,"2017-05-09",592.722708542305
"375",375,"2017-05-10",568.791240087228
"376",376,"2017-05-11",565.522820504762
"377",377,"2017-05-12",549.691816619005
"378",378,"2017-05-13",561.720119723177
"379",379,"2017-05-14",550.556916550883
"380",380,"2017-05-15",531.588105365209
"381",381,"2017-05-16",510.798742098508
"382",382,"2017-05-17",490.121649339869
"383",383,"2017-05-18",513.689620287953
"384",384,"2017-05-19",581.971371515463
"385",385,"2017-05-20",699.67092396821
"386",386,"2017-05-21",686.778980710201
"387",387,"2017-05-22",698.462131088343
"388",388,"2017-05-23",681.502828390497
"389",389,"2017-05-24",840.120357716058
"390",390,"2017-05-25",885.392066166745
"391",391,"2017-05-26",926.437254017572
"392",392,"2017-05-27",941.538851694191
"393",393,"2017-05-28",996.509339382476
"394",394,"2017-05-29",1021.28890418525
"395",395,"2017-05-30",1015.52082262807
"396",396,"2017-05-31",976.211584499677
"397",397,"2017-06-01",976.211584499677
"398",398,"2017-06-02",973.878059942794
"399",399,"2017-06-03",937.976645532048
"400",400,"2017-06-04",899.67613505718
"401",401,"2017-06-05",877.134980209437
"402",402,"2017-06-06",862.227473220176
"403",403,"2017-06-07",864.458304635681
"404",404,"2017-06-08",875.316906980488
"405",405,"2017-06-09",852.917660030001
"406",406,"2017-06-10",822.582211839861
"407",407,"2017-06-11",832.692108026892
"408",408,"2017-06-12",812.305103149065
"409",409,"2017-06-13",800.782909391015
"410",410,"2017-06-14",770.859564940499
"411",411,"2017-06-15",847.539247756726
"412",412,"2017-06-16",823.688073594165
"413",413,"2017-06-17",802.336777027751
"414",414,"2017-06-18",823.651398438135
"415",415,"2017-06-19",803.227491304002
"416",416,"2017-06-20",776.159380521489
"417",417,"2017-06-21",763.398671803939
"418",418,"2017-06-22",783.078577052038
"419",419,"2017-06-23",751.167703186549
"420",420,"2017-06-24",725.208312381474
"421",421,"2017-06-25",746.567604959772
"422",422,"2017-06-26",736.285621050308
"423",423,"2017-06-27",800.131425235643
"424",424,"2017-06-28",780.478833311149
"425",425,"2017-06-29",785.960688119599
"426",426,"2017-06-30",769.474543981276
"427",427,"2017-07-01",769.474543981276
"428",428,"2017-07-02",777.05282523741
"429",429,"2017-07-03",776.11661704533
"430",430,"2017-07-04",745.215899642724
"431",431,"2017-07-05",714.790670671391
"432",432,"2017-07-06",686.717837156855
"433",433,"2017-07-07",658.768071174454
"434",434,"2017-07-08",741.592954995505
"435",435,"2017-07-09",717.484838249647
"436",436,"2017-07-10",705.180040306022
"437",437,"2017-07-11",877.67125508989
"438",438,"2017-07-12",871.300247279474
"439",439,"2017-07-13",920.650876480482
"440",440,"2017-07-14",904.934861191285
"441",441,"2017-07-15",921.619631088826
"442",442,"2017-07-16",1041.48753201229
"443",443,"2017-07-17",1079.12736623033
"444",444,"2017-07-18",1286.73127383667
"445",445,"2017-07-19",1320.66930775299
"446",446,"2017-07-20",1319.15700505726
"447",447,"2017-07-21",1485.0647934869
"448",448,"2017-07-22",1431.35812099072
"449",449,"2017-07-23",1408.26305794145
"450",450,"2017-07-24",1356.95814632581
"451",451,"2017-07-25",1301.55166795865
"452",452,"2017-07-26",1322.55111714231
"453",453,"2017-07-27",1273.75705413079
"454",454,"2017-07-28",1229.54072359093
"455",455,"2017-07-29",1180.39146842837
"456",456,"2017-07-30",1132.72796558118
"457",457,"2017-07-31",1091.69880653838
"458",458,"2017-08-01",1091.69880653838
"459",459,"2017-08-02",1047.6225803992
"460",460,"2017-08-03",1009.31749857083
"461",461,"2017-08-04",978.178736159445
"462",462,"2017-08-05",939.948457863931
"463",463,"2017-08-06",1089.12945588189
"464",464,"2017-08-07",1044.87191626891
"465",465,"2017-08-08",1022.46498114555
"466",466,"2017-08-09",1003.82203713536
"467",467,"2017-08-10",968.034483378808
"468",468,"2017-08-11",928.63469688182
"469",469,"2017-08-12",915.88387939579
"470",470,"2017-08-13",896.173967381986
"471",471,"2017-08-14",864.956785898359
"472",472,"2017-08-15",836.654781861003
"473",473,"2017-08-16",807.436848467406
"474",474,"2017-08-17",787.180081380126
"475",475,"2017-08-18",764.445331609177
"476",476,"2017-08-19",790.068286344334
"477",477,"2017-08-20",758.305314395338
"478",478,"2017-08-21",731.249565221536
"479",479,"2017-08-22",714.435508172232
"480",480,"2017-08-23",692.637836528294
"481",481,"2017-08-24",671.647680379533
"482",482,"2017-08-25",644.971087906624
"483",483,"2017-08-26",621.219839366102
"484",484,"2017-08-27",597.404622359809
"485",485,"2017-08-28",574.279019026392
"486",486,"2017-08-29",563.016260989208
"487",487,"2017-08-30",570.392574897504
"488",488,"2017-08-31",577.712362082568
"489",489,"2017-09-01",577.712362082568
"490",490,"2017-09-02",560.925650819866
"491",491,"2017-09-03",610.130764103238
"492",492,"2017-09-04",587.5785756873
"493",493,"2017-09-05",664.131531830491
"494",494,"2017-09-06",652.770693620414
"495",495,"2017-09-07",640.434795222094
"496",496,"2017-09-08",615.272744474923
"497",497,"2017-09-09",637.435928444235
"498",498,"2017-09-10",612.902260635427
"499",499,"2017-09-11",595.167341592996
"500",500,"2017-09-12",572.05898443361
"501",501,"2017-09-13",550.301849162616
"502",502,"2017-09-14",559.516421192198
"503",503,"2017-09-15",974.608780801915
"504",504,"2017-09-16",1048.13723749015
"505",505,"2017-09-17",1005.34688685344
"506",506,"2017-09-18",964.378800969443
"507",507,"2017-09-19",1048.11987856922
"508",508,"2017-09-20",1007.93889448851
"509",509,"2017-09-21",967.330434555179
"510",510,"2017-09-22",957.324121883078
"511",511,"2017-09-23",918.792493316787
"512",512,"2017-09-24",906.17447212252
"513",513,"2017-09-25",870.223491707972
"514",514,"2017-09-26",846.160685984607
"515",515,"2017-09-27",812.215774550427
"516",516,"2017-09-28",805.731167297551
"517",517,"2017-09-29",773.626566379573
"518",518,"2017-09-30",743.195758760409
"519",519,"2017-10-01",743.195758760409
"520",520,"2017-10-02",713.306844042033
"521",521,"2017-10-03",684.201135323044
"522",522,"2017-10-04",658.939738661171
"523",523,"2017-10-05",635.077018116088
"524",524,"2017-10-06",610.769735022059
"525",525,"2017-10-07",589.011050332227
"526",526,"2017-10-08",566.305468503285
"527",527,"2017-10-09",547.471866676791
"528",528,"2017-10-10",525.171448351069
"529",529,"2017-10-11",505.093589348068
"530",530,"2017-10-12",485.107174862364
"531",531,"2017-10-13",500.272543759409
"532",532,"2017-10-14",528.016695790292
"533",533,"2017-10-15",506.811128063194
"534",534,"2017-10-16",486.116301490834
"535",535,"2017-10-17",466.27284896989
"536",536,"2017-10-18",451.88481495854
"537",537,"2017-10-19",436.926172303327
"538",538,"2017-10-20",419.089570190187
"539",539,"2017-10-21",405.529483406766
"540",540,"2017-10-22",389.221397279144
"541",541,"2017-10-23",374.879400766514
"542",542,"2017-10-24",363.253619140063
"543",543,"2017-10-25",359.555703558538
"544",544,"2017-10-26",347.745521082834
"545",545,"2017-10-27",336.765471307481
"546",546,"2017-10-28",323.543092492066
"547",547,"2017-10-29",310.364809453783
"548",548,"2017-10-30",341.191556685872
"549",549,"2017-10-31",327.262167653291
"550",550,"2017-11-01",327.262167653291
"551",551,"2017-11-02",326.794197709311
"552",552,"2017-11-03",333.887524413884
"553",553,"2017-11-04",345.292500952555
"554",554,"2017-11-05",331.447593531216
"555",555,"2017-11-06",317.913364597322
"556",556,"2017-11-07",315.666686932241
"557",557,"2017-11-08",303.388969673985
"558",558,"2017-11-09",333.259892226478
"559",559,"2017-11-10",320.55937868389
"560",560,"2017-11-11",373.333540069329
"561",561,"2017-11-12",358.121827179555
"562",562,"2017-11-13",398.618074722182
"563",563,"2017-11-14",433.937500962829
"564",564,"2017-11-15",438.469151797275
"565",565,"2017-11-16",465.866025208682
"566",566,"2017-11-17",458.910282105551
"567",567,"2017-11-18",442.807250661587
"568",568,"2017-11-19",428.288546425097
"569",569,"2017-11-20",413.497443683748
"570",570,"2017-11-21",407.723118268601
"571",571,"2017-11-22",395.26738325779
"572",572,"2017-11-23",394.816718282347
"573",573,"2017-11-24",381.085486786607
"574",574,"2017-11-25",388.175150297435
"575",575,"2017-11-26",396.687489960402
"576",576,"2017-11-27",410.121484911455
"577",577,"2017-11-28",424.45063989867
"578",578,"2017-11-29",425.575280689629
"579",579,"2017-11-30",495.268507781398
"580",580,"2017-12-01",495.268507781398
"581",581,"2017-12-02",505.808547175821
"582",582,"2017-12-03",486.544715326203
"583",583,"2017-12-04",467.815521390374
"584",584,"2017-12-05",466.132540421727
"585",585,"2017-12-06",460.629628744637
"586",586,"2017-12-07",481.881797393128
"587",587,"2017-12-08",736.769678353716
"588",588,"2017-12-09",712.156724044145
"589",589,"2017-12-10",716.453069862156
"590",590,"2017-12-11",687.619978615672
"591",591,"2017-12-12",727.961667423869
"592",592,"2017-12-13",758.732076376122
"593",593,"2017-12-14",728.237494970996
"594",594,"2017-12-15",726.787912572424
"595",595,"2017-12-16",702.882545842198
"596",596,"2017-12-17",712.921258068867
"597",597,"2017-12-18",684.974566481224
"598",598,"2017-12-19",669.808662475411
"599",599,"2017-12-20",642.458969413861
"600",600,"2017-12-21",618.287965478521
"601",601,"2017-12-22",599.355828115956
"602",602,"2017-12-23",816.176823758504
"603",603,"2017-12-24",841.504435144472
"604",604,"2017-12-25",824.355355737375
"605",605,"2017-12-26",790.693958528728
"606",606,"2017-12-27",848.673527317003
"607",607,"2017-12-28",815.707329999149
"608",608,"2017-12-29",814.689967506333
"609",609,"2017-12-30",787.737358341581
"610",610,"2017-12-31",810.930737401844
"611",611,"2018-01-01",810.930737401844
"612",612,"2018-01-02",779.982089949666
"613",613,"2018-01-03",794.04149236477
"614",614,"2018-01-04",805.57750229886
"615",615,"2018-01-05",775.297687778125
"616",616,"2018-01-06",743.869988795494
"617",617,"2018-01-07",752.285209992318
"618",618,"2018-01-08",721.76958863028
"619",619,"2018-01-09",728.916854803415
"620",620,"2018-01-10",706.485648803426
"621",621,"2018-01-11",679.362923061699
"622",622,"2018-01-12",724.20347177243
"623",623,"2018-01-13",739.412006828606
"624",624,"2018-01-14",718.655788610982
"625",625,"2018-01-15",714.212251705332
"626",626,"2018-01-16",696.853242532192
"627",627,"2018-01-17",1087.12510261514
"628",628,"2018-01-18",1042.74417236637
"629",629,"2018-01-19",1012.25199001242
"630",630,"2018-01-20",971.193883507441
"631",631,"2018-01-21",989.287347582073
"632",632,"2018-01-22",1029.17222234138
"633",633,"2018-01-23",1011.5133056587
"634",634,"2018-01-24",970.351405773859
"635",635,"2018-01-25",936.557622296018
"636",636,"2018-01-26",898.377689562633
"637",637,"2018-01-27",866.286547833521
"638",638,"2018-01-28",838.172144503315
"639",639,"2018-01-29",820.909140091454
"640",640,"2018-01-30",804.810142883173
"641",641,"2018-01-31",772.262275340599
"642",642,"2018-02-01",772.262275340599
"643",643,"2018-02-02",744.101744712365
"644",644,"2018-02-03",808.68864905383
"645",645,"2018-02-04",797.318501573686
"646",646,"2018-02-05",770.699690044554
"647",647,"2018-02-06",796.65130641719
"648",648,"2018-02-07",992.408883125859
"649",649,"2018-02-08",1035.52323585299
"650",650,"2018-02-09",1000.23324946433
"651",651,"2018-02-10",1005.55019368821
"652",652,"2018-02-11",988.121785201559
"653",653,"2018-02-12",947.794598352152
"654",654,"2018-02-13",919.800336620834
"655",655,"2018-02-14",901.990279348452
"656",656,"2018-02-15",868.45699748689
"657",657,"2018-02-16",873.321061322774
"658",658,"2018-02-17",844.389757500123
"659",659,"2018-02-18",810.450294200668
"660",660,"2018-02-19",795.820331965028
"661",661,"2018-02-20",784.020358224981
"662",662,"2018-02-21",759.011872299072
"663",663,"2018-02-22",728.645878150738
"664",664,"2018-02-23",700.126009580069
"665",665,"2018-02-24",672.626653084769
"666",666,"2018-02-25",658.238864512578
"667",667,"2018-02-26",655.051691909624
"668",668,"2018-02-27",628.928163590742
"669",669,"2018-02-28",615.954827783045
"670",670,"2018-03-01",615.954827783045
"671",671,"2018-03-02",603.834174370034
"672",672,"2018-03-03",588.141710251128
"673",673,"2018-03-04",564.235172371454
"674",674,"2018-03-05",541.288419438783
"675",675,"2018-03-06",519.806247008489
"676",676,"2018-03-07",498.587396900819
"677",677,"2018-03-08",515.079254539274
"678",678,"2018-03-09",542.660764279022
"679",679,"2018-03-10",558.302099287693
"680",680,"2018-03-11",535.529654746486
"681",681,"2018-03-12",531.726209475457
"682",682,"2018-03-13",541.265543295221
"683",683,"2018-03-14",528.353149577114
"684",684,"2018-03-15",507.368317230837
"685",685,"2018-03-16",603.466645497282
"686",686,"2018-03-17",578.842027666998
"687",687,"2018-03-18",555.70322922992
"688",688,"2018-03-19",575.7145513284
"689",689,"2018-03-20",552.223267013748
"690",690,"2018-03-21",565.6908384906
"691",691,"2018-03-22",546.519715072995
"692",692,"2018-03-23",524.249138769284
"693",693,"2018-03-24",514.069477770039
"694",694,"2018-03-25",493.086097994659
"695",695,"2018-03-26",478.834343141204
"696",696,"2018-03-27",460.386631363691
"697",697,"2018-03-28",472.32265019776
"698",698,"2018-03-29",484.841419196762
"699",699,"2018-03-30",465.12563329236
"700",700,"2018-03-31",584.13005994591
"701",701,"2018-04-01",584.13005994591
"702",702,"2018-04-02",560.412991238245
"703",703,"2018-04-03",547.846416355209
"704",704,"2018-04-04",536.585669960322
"705",705,"2018-04-05",558.240945120277
"706",706,"2018-04-06",618.133080458283
"707",707,"2018-04-07",593.191890951036
"708",708,"2018-04-08",584.542346664661
"709",709,"2018-04-09",571.480618987069
"710",710,"2018-04-10",551.850278778274
"711",711,"2018-04-11",533.132727177778
"712",712,"2018-04-12",512.794762229251
"713",713,"2018-04-13",505.278934474197
"714",714,"2018-04-14",629.098649569751
"715",715,"2018-04-15",603.425631298964
"716",716,"2018-04-16",579.038605996116
"717",717,"2018-04-17",582.698828842884
"718",718,"2018-04-18",565.349836574186
"719",719,"2018-04-19",544.126770004752
"720",720,"2018-04-20",547.141429631699
"721",721,"2018-04-21",547.862804874907
"722",722,"2018-04-22",552.713036147092
"723",723,"2018-04-23",533.595392715191
"724",724,"2018-04-24",511.814495881862
"725",725,"2018-04-25",499.402053583941
"726",726,"2018-04-26",561.365494102736
"727",727,"2018-04-27",660.320127739397
"728",728,"2018-04-28",661.479490997261
"729",729,"2018-04-29",642.652952310268
"730",730,"2018-04-30",634.094298065477
"731",731,"2018-05-01",634.094298065477
"732",732,"2018-05-02",621.130414256417
"733",733,"2018-05-03",595.895093912187
"734",734,"2018-05-04",573.832223889553
"735",735,"2018-05-05",576.905553849313
"736",736,"2018-05-06",553.454001251802
"737",737,"2018-05-07",537.307620851178
"738",738,"2018-05-08",520.911725253543
"739",739,"2018-05-09",515.046043013687
"740",740,"2018-05-10",498.169663792833
"741",741,"2018-05-11",477.828643159317
"742",742,"2018-05-12",481.349802191555
"743",743,"2018-05-13",532.377896052698
"744",744,"2018-05-14",513.267464485676
"745",745,"2018-05-15",506.568998800286
"746",746,"2018-05-16",486.503202401025
"747",747,"2018-05-17",487.78245455163
"748",748,"2018-05-18",469.906939748509
"749",749,"2018-05-19",478.78879629167
"750",750,"2018-05-20",463.979344212634
"751",751,"2018-05-21",445.835134393624
"752",752,"2018-05-22",444.670861408181
"753",753,"2018-05-23",431.897342762818
"754",754,"2018-05-24",461.093374980699
"755",755,"2018-05-25",513.957427862701
"756",756,"2018-05-26",500.235869350236
"757",757,"2018-05-27",487.015537927082
"758",758,"2018-05-28",469.303150066917
"759",759,"2018-05-29",451.526385666259
"760",760,"2018-05-30",489.673331673263
"761",761,"2018-05-31",521.276183397248
"762",762,"2018-06-01",521.276183397248
"763",763,"2018-06-02",503.182564841057
"764",764,"2018-06-03",482.871281072418
"765",765,"2018-06-04",469.873708996127
"766",766,"2018-06-05",456.74609121518
"767",767,"2018-06-06",454.898298556869
"768",768,"2018-06-07",440.728452913693
"769",769,"2018-06-08",422.928871277821
"770",770,"2018-06-09",405.74156180449
"771",771,"2018-06-10",391.375905224502
"772",772,"2018-06-11",383.417642911068
"773",773,"2018-06-12",528.730456618286
"774",774,"2018-06-13",510.24880224172
"775",775,"2018-06-14",537.643628823023
"776",776,"2018-06-15",537.276731727107
"777",777,"2018-06-16",554.467042677077
"778",778,"2018-06-17",559.316935265384
"779",779,"2018-06-18",537.187253933655
"780",780,"2018-06-19",516.790998892968
"781",781,"2018-06-20",509.839493742463
"782",782,"2018-06-21",490.969305797119
"783",783,"2018-06-22",471.845760916212
"784",784,"2018-06-23",454.105365304295
"785",785,"2018-06-24",578.283281543868
"786",786,"2018-06-25",555.590892179496
"787",787,"2018-06-26",538.825393123851
"788",788,"2018-06-27",518.264874346034
"789",789,"2018-06-28",528.096380619519
"790",790,"2018-06-29",509.495685284527
"791",791,"2018-06-30",517.453760844735
"792",792,"2018-07-01",517.453760844735
"793",793,"2018-07-02",508.63938901473
"794",794,"2018-07-03",488.927118393845
"795",795,"2018-07-04",502.355028826195
"796",796,"2018-07-05",487.079122013267
"797",797,"2018-07-06",468.118070956427
"798",798,"2018-07-07",450.162916313065
"799",799,"2018-07-08",431.781563354551
"800",800,"2018-07-09",421.32693956115
"801",801,"2018-07-10",405.796319325565
"802",802,"2018-07-11",397.330516243902
"803",803,"2018-07-12",445.799839609447
"804",804,"2018-07-13",430.054713655523
"805",805,"2018-07-14",426.950839067308
"806",806,"2018-07-15",410.296156598137
"807",807,"2018-07-16",393.544348839066
"808",808,"2018-07-17",385.356660557742
"809",809,"2018-07-18",439.403097516621
"810",810,"2018-07-19",472.607277990738
"811",811,"2018-07-20",456.16392969633
"812",812,"2018-07-21",437.647588624277
"813",813,"2018-07-22",442.685180274437
"814",814,"2018-07-23",427.572887375438
"815",815,"2018-07-24",410.482341143542
"816",816,"2018-07-25",396.180025929807
"817",817,"2018-07-26",451.663215100258
"818",818,"2018-07-27",441.717467177101
"819",819,"2018-07-28",433.834876773567
"820",820,"2018-07-29",420.643528774122
"821",821,"2018-07-30",403.469497894103
"822",822,"2018-07-31",387.050539406259
"823",823,"2018-08-01",387.050539406259
"824",824,"2018-08-02",423.704045005169
"825",825,"2018-08-03",411.373703836247
"826",826,"2018-08-04",401.966422894117
"827",827,"2018-08-05",386.256307884987
"828",828,"2018-08-06",409.389605894807
"829",829,"2018-08-07",393.362011318902
"830",830,"2018-08-08",384.262049999604
"831",831,"2018-08-09",409.045313983527
"832",832,"2018-08-10",498.716221494291
"833",833,"2018-08-11",497.585340594044
"834",834,"2018-08-12",537.035757543204
"835",835,"2018-08-13",519.651601055907
"836",836,"2018-08-14",499.925825819817
"837",837,"2018-08-15",504.924748344889
"838",838,"2018-08-16",490.739900463066
"839",839,"2018-08-17",471.92712455625
"840",840,"2018-08-18",453.739572770612
"841",841,"2018-08-19",521.588079521005
"842",842,"2018-08-20",535.797562309825
"843",843,"2018-08-21",518.289852129111
"844",844,"2018-08-22",546.503183620325
"845",845,"2018-08-23",537.787482978037
"846",846,"2018-08-24",529.131402306906
"847",847,"2018-08-25",516.591095566164
"848",848,"2018-08-26",499.805299320853
"849",849,"2018-08-27",479.406923149528
"850",850,"2018-08-28",460.954070514119
"851",851,"2018-08-29",465.036714713158
"852",852,"2018-08-30",458.764156294114
"853",853,"2018-08-31",443.353944262237
"854",854,"2018-09-01",443.353944262237
"855",855,"2018-09-02",425.256411199217
"856",856,"2018-09-03",429.999481658999
"857",857,"2018-09-04",412.748085921745
"858",858,"2018-09-05",398.766384281806
"859",859,"2018-09-06",383.018374635191
"860",860,"2018-09-07",603.08826489
"861",861,"2018-09-08",585.770362065278
"862",862,"2018-09-09",573.288611279821
"863",863,"2018-09-10",581.870163653574
"864",864,"2018-09-11",559.0255565392
"865",865,"2018-09-12",536.207188773594
"866",866,"2018-09-13",520.485148561755
"867",867,"2018-09-14",499.244808545318
"868",868,"2018-09-15",513.617677432385
"869",869,"2018-09-16",493.074458031746
"870",870,"2018-09-17",475.08478254819
"871",871,"2018-09-18",456.414489680107
"872",872,"2018-09-19",493.190654437607
"873",873,"2018-09-20",493.189242093712
"874",874,"2018-09-21",473.085144523982
"875",875,"2018-09-22",498.031562435877
"876",876,"2018-09-23",541.559621468571
"877",877,"2018-09-24",520.957641459746
"878",878,"2018-09-25",499.737782769891
"879",879,"2018-09-26",509.201198129367
"880",880,"2018-09-27",496.020802604598
"881",881,"2018-09-28",475.77463860852
"882",882,"2018-09-29",488.797737557973
"883",883,"2018-09-30",473.839976133615
"884",884,"2018-10-01",473.839976133615
"885",885,"2018-10-02",454.525116150327
"886",886,"2018-10-03",436.728821293269
"887",887,"2018-10-04",431.068873933475
"888",888,"2018-10-05",414.720807161797
"889",889,"2018-10-06",398.737096540507
"890",890,"2018-10-07",382.969772812922
"891",891,"2018-10-08",372.719506783362
"892",892,"2018-10-09",357.515145142355
"893",893,"2018-10-10",345.622633945782
"894",894,"2018-10-11",333.671449387057
"895",895,"2018-10-12",324.545231486693
"896",896,"2018-10-13",498.076613873363
"897",897,"2018-10-14",484.839292822264
"898",898,"2018-10-15",465.467797425686
"899",899,"2018-10-16",448.968755371462
"900",900,"2018-10-17",487.575340856104
"901",901,"2018-10-18",467.68410080682
"902",902,"2018-10-19",448.629508755757
"903",903,"2018-10-20",440.887186599046
"904",904,"2018-10-21",423.48903597806
"905",905,"2018-10-22",407.143850873743
"906",906,"2018-10-23",390.85171639551
"907",907,"2018-10-24",375.607855497685
"908",908,"2018-10-25",360.949497119655
"909",909,"2018-10-26",346.587379720858
"910",910,"2018-10-27",333.066583482726
"911",911,"2018-10-28",319.482901312624
"912",912,"2018-10-29",307.443760969627
"913",913,"2018-10-30",295.210983591858
"914",914,"2018-10-31",321.917781712549
"915",915,"2018-11-01",321.917781712549
"916",916,"2018-11-02",309.524860411617
"917",917,"2018-11-03",296.911290088128
"918",918,"2018-11-04",288.906329528289
"919",919,"2018-11-05",278.97959641308
"920",920,"2018-11-06",269.33972434567
"921",921,"2018-11-07",264.57387064208
"922",922,"2018-11-08",281.190855913487
"923",923,"2018-11-09",269.78494179292
"924",924,"2018-11-10",280.253750603921
"925",925,"2018-11-11",274.950291800257
"926",926,"2018-11-12",264.011358947793
"927",927,"2018-11-13",253.449585309562
"928",928,"2018-11-14",243.684070774752
"929",929,"2018-11-15",237.926502349315
"930",930,"2018-11-16",483.753743474575
"931",931,"2018-11-17",468.123775496033
"932",932,"2018-11-18",458.655950721507
"933",933,"2018-11-19",439.92733687224
"934",934,"2018-11-20",422.011566412442
"935",935,"2018-11-21",709.578771294669
"936",936,"2018-11-22",786.61632109141
"937",937,"2018-11-23",768.728707563822
"938",938,"2018-11-24",796.066949762291
"939",939,"2018-11-25",763.596942933216
"940",940,"2018-11-26",854.016864412939
"941",941,"2018-11-27",826.015935119685
"942",942,"2018-11-28",828.375042650006
"943",943,"2018-11-29",794.609014581332
"944",944,"2018-11-30",861.481123291973
"945",945,"2018-12-01",861.481123291973
"946",946,"2018-12-02",864.747463414343
"947",947,"2018-12-03",844.298422156243
"948",948,"2018-12-04",813.524504615403
"949",949,"2018-12-05",826.08440123995
"950",950,"2018-12-06",792.95426412801
"951",951,"2018-12-07",800.79570849425
"952",952,"2018-12-08",878.331076947748
"953",953,"2018-12-09",845.104723887267
"954",954,"2018-12-10",810.635940599061
"955",955,"2018-12-11",790.9855708726
"956",956,"2018-12-12",777.508103128751
"957",957,"2018-12-13",750.638252283064
"958",958,"2018-12-14",723.398382739607
"959",959,"2018-12-15",719.94115634494
"960",960,"2018-12-16",702.874644594804
"961",961,"2018-12-17",674.340336854761
"962",962,"2018-12-18",646.949581886464
"963",963,"2018-12-19",747.248022541986
"964",964,"2018-12-20",748.709183369224
"965",965,"2018-12-21",719.160378980214
"966",966,"2018-12-22",830.023492053331
"967",967,"2018-12-23",824.341182534239
"968",968,"2018-12-24",798.939779763117
"969",969,"2018-12-25",769.676667053667
"970",970,"2018-12-26",747.622883127545
"971",971,"2018-12-27",787.949388162078
"972",972,"2018-12-28",756.25060018419
"973",973,"2018-12-29",799.124952929189
"974",974,"2018-12-30",855.468188350734
"975",975,"2018-12-31",822.847460105306
"976",976,"2019-01-01",822.847460105306
"977",977,"2019-01-02",808.138942360214
"978",978,"2019-01-03",786.911165244538
"979",979,"2019-01-04",768.069549715743
"980",980,"2019-01-05",753.147058480225
"981",981,"2019-01-06",724.244489090967
"982",982,"2019-01-07",695.386914999138
"983",983,"2019-01-08",698.938144856254
"984",984,"2019-01-09",673.10735595901
"985",985,"2019-01-10",645.763772582569
"986",986,"2019-01-11",619.713997469197
"987",987,"2019-01-12",781.276847524389
"988",988,"2019-01-13",749.69232057995
"989",989,"2019-01-14",720.169245692318
"990",990,"2019-01-15",717.436546089603
"991",991,"2019-01-16",727.611734516497
"992",992,"2019-01-17",711.116163593754
"993",993,"2019-01-18",683.603633935468
"994",994,"2019-01-19",655.934812933548
"995",995,"2019-01-20",632.538722153712
"996",996,"2019-01-21",611.576711464634
"997",997,"2019-01-22",613.250543493812
"998",998,"2019-01-23",589.126486384022
"999",999,"2019-01-24",567.030418502599
"1000",1000,"2019-01-25",544.90295640115
"1001",1001,"2019-01-26",522.827042998788
"1002",1002,"2019-01-27",502.099281260923
"1003",1003,"2019-01-28",481.793359607627
"1004",1004,"2019-01-29",464.203964257126
"1005",1005,"2019-01-30",494.598283851587
"1006",1006,"2019-01-31",477.035346361333
"1007",1007,"2019-02-01",476.940958555854
"1008",1008,"2019-02-02",464.629361558668
"1009",1009,"2019-02-03",446.43292687774
"1010",1010,"2019-02-04",428.668817030324
"1011",1011,"2019-02-05",416.380213097059
"1012",1012,"2019-02-06",399.544280297153
"1013",1013,"2019-02-07",383.110297379028
"1014",1014,"2019-02-08",383.429105782597
"1015",1015,"2019-02-09",369.013070122035
"1016",1016,"2019-02-10",508.460019345935
"1017",1017,"2019-02-11",488.049364031865
"1018",1018,"2019-02-12",468.440192363371
"1019",1019,"2019-02-13",457.878400352513
"1020",1020,"2019-02-14",439.56413191551
"1021",1021,"2019-02-15",423.705037962574
"1022",1022,"2019-02-16",409.338673922085
"1023",1023,"2019-02-17",392.975291773548
"1024",1024,"2019-02-18",377.527254071128
"1025",1025,"2019-02-19",370.071104814679
"1026",1026,"2019-02-20",451.684669370052
"1027",1027,"2019-02-21",434.290571145197
"1028",1028,"2019-02-22",427.402077153521
"1029",1029,"2019-02-23",421.914652215274
"1030",1030,"2019-02-24",407.728539353167
"1031",1031,"2019-02-25",422.925238884175
"1032",1032,"2019-02-26",643.677419696628
"1033",1033,"2019-02-27",630.427606231671
"1034",1034,"2019-02-28",607.050064822299
"1035",1035,"2019-03-01",607.319976798902
"1036",1036,"2019-03-02",582.809216461439
"1037",1037,"2019-03-03",559.187075584809
"1038",1038,"2019-03-04",536.978932222383
"1039",1039,"2019-03-05",515.844503517436
"1040",1040,"2019-03-06",518.340282324797
"1041",1041,"2019-03-07",540.743747408892
"1042",1042,"2019-03-08",518.955848844951
"1043",1043,"2019-03-09",497.825284109086
"1044",1044,"2019-03-10",480.790117775363
"1045",1045,"2019-03-11",473.926502129781
"1046",1046,"2019-03-12",455.225394653982
"1047",1047,"2019-03-13",448.748976676493
"1048",1048,"2019-03-14",431.508463502901
"1049",1049,"2019-03-15",414.417680930453
"1050",1050,"2019-03-16",397.989880961638
"1051",1051,"2019-03-17",388.816963009348
"1052",1052,"2019-03-18",385.132837700144
"1053",1053,"2019-03-19",373.609298446056
"1054",1054,"2019-03-20",358.667861340889
"1055",1055,"2019-03-21",344.754042675305
"1056",1056,"2019-03-22",331.386131227162
"1057",1057,"2019-03-23",333.610863101248
"1058",1058,"2019-03-24",320.397324201151
"1059",1059,"2019-03-25",308.510688390819
"1060",1060,"2019-03-26",298.416845687293
"1061",1061,"2019-03-27",292.450456999198
"1062",1062,"2019-03-28",281.969801843106
"1063",1063,"2019-03-29",300.966503872069
"1064",1064,"2019-03-30",291.071646461125
"1065",1065,"2019-03-31",290.962958555119
"1066",1066,"2019-04-01",291.105413890628
"1067",1067,"2019-04-02",279.408935011808
"1068",1068,"2019-04-03",269.822313814845
"1069",1069,"2019-04-04",750.039919426057
"1070",1070,"2019-04-05",721.045559207725
"1071",1071,"2019-04-06",697.1583367409
"1072",1072,"2019-04-07",688.341970303384
"1073",1073,"2019-04-08",660.97918266454
"1074",1074,"2019-04-09",645.01893584787
"1075",1075,"2019-04-10",619.347859925696
"1076",1076,"2019-04-11",645.4345
"1077",1077,"2019-04-12",625.472510404485
"1078",1078,"2019-04-13",681.36699269582
"1079",1079,"2019-04-14",653.820221106972
"1080",1080,"2019-04-15",628.204047260398
"1081",1081,"2019-04-16",607.676611030398
"1082",1082,"2019-04-17",600.214464873729
"1083",1083,"2019-04-18",592.870105777079
"1084",1084,"2019-04-19",569.343126853542
"1085",1085,"2019-04-20",550.553251097905
"1086",1086,"2019-04-21",528.528102513655
"1087",1087,"2019-04-22",508.648471966292
"1088",1088,"2019-04-23",492.406825971266
"1089",1089,"2019-04-24",473.96129860949
"1090",1090,"2019-04-25",457.018998917832
"1091",1091,"2019-04-26",468.083030523757
"1092",1092,"2019-04-27",513.884994067978
"1093",1093,"2019-04-28",500.454156622523
"1094",1094,"2019-04-29",481.547247989856
"1095",1095,"2019-04-30",462.753084293961
"1096",1096,"2019-05-01",463.392892124485
"1097",1097,"2019-05-02",464.94118286175
"1098",1098,"2019-05-03",446.615244292976
"1099",1099,"2019-05-04",432.471129289981
"1100",1100,"2019-05-05",471.381740054968
"1101",1101,"2019-05-06",452.260992041851
"1102",1102,"2019-05-07",437.220610920345
"1103",1103,"2019-05-08",419.622244938793
"1104",1104,"2019-05-09",405.621032888565
"1105",1105,"2019-05-10",394.290749835867
"1106",1106,"2019-05-11",393.454888429344
"1107",1107,"2019-05-12",394.496414470267
"1108",1108,"2019-05-13",751.221346608659
"1109",1109,"2019-05-14",758.862710563947
"1110",1110,"2019-05-15",871.526123313295
"1111",1111,"2019-05-16",878.887948677194
"1112",1112,"2019-05-17",875.573036844774
"1113",1113,"2019-05-18",853.105614533829
"1114",1114,"2019-05-19",903.825868449078
